Estimate Status,Year,Wave,Common Name,Fishing Mode,Fishing Area,Total Harvest (A+B1),PSE,Harvest (A+B1) Total Weight (lb),PSE,Harvest (A+B1) Total Weight (kg),PSE,Landings (no.) without Size Information,** Contribution of Imputed Data to Total Harvest Rate,** Contribution of Imputed Data to Total Harvest Rate,** Contribution of Imputed Data to Total Harvest Rate
FINAL,2003,MARCH/APRIL,HAWAIIAN GROUPER,PRIVATE/RENTAL BOAT,OCEAN (<= 3 MI),333,99,3340,.,1515,.,0,0%,0%,0%
FINAL,2004,NOVEMBER/DECEMBER,HAWAIIAN GROUPER,PRIVATE/RENTAL BOAT,OCEAN (<= 3 MI),406,99.1,3316,.,1504,.,0,0%,0%,0%
FINAL,2005,MARCH/APRIL,HAWAIIAN GROUPER,PRIVATE/RENTAL BOAT,OCEAN (<= 3 MI),314,99.4,0,.,0,.,314,0%,0%,0%
FINAL,2005,NOVEMBER/DECEMBER,HAWAIIAN GROUPER,PRIVATE/RENTAL BOAT,OCEAN (<= 3 MI),1160,100.2,7670,.,3479,.,0,0%,0%,0%
FINAL,2007,SEPTEMBER/OCTOBER,HAWAIIAN GROUPER,PRIVATE/RENTAL BOAT,OCEAN (<= 3 MI),674,70.8,4458,.,2022,.,0,0%,0%,0%
FINAL,2007,SEPTEMBER/OCTOBER,HAWAIIAN GROUPER,PRIVATE/RENTAL BOAT,OCEAN (> 3 MI),1378,100,0,.,0,.,1378,0%,0%,0%
FINAL,2007,NOVEMBER/DECEMBER,HAWAIIAN GROUPER,PRIVATE/RENTAL BOAT,OCEAN (> 3 MI),254,100,0,.,0,.,254,0%,0%,0%
FINAL,2008,NOVEMBER/DECEMBER,HAWAIIAN GROUPER,PRIVATE/RENTAL BOAT,OCEAN (> 3 MI),1072,72.4,0,.,0,.,1072,0%,0%,0%
FINAL,2009,JANUARY/FEBRUARY,HAWAIIAN GROUPER,PRIVATE/RENTAL BOAT,OCEAN (> 3 MI),174,100,0,.,0,.,174,0%,0%,0%
FINAL,2009,NOVEMBER/DECEMBER,HAWAIIAN GROUPER,PRIVATE/RENTAL BOAT,OCEAN (> 3 MI),161,100.1,3161,.,1434,.,0,0%,0%,0%
FINAL,2010,SEPTEMBER/OCTOBER,HAWAIIAN GROUPER,PRIVATE/RENTAL BOAT,OCEAN (> 3 MI),824,99.4,13175,99.5,5976,99.5,0,0%,0%,0%
FINAL,2010,NOVEMBER/DECEMBER,HAWAIIAN GROUPER,PRIVATE/RENTAL BOAT,OCEAN (> 3 MI),518,100.2,2327,.,1056,.,0,0%,0%,0%
FINAL,2011,SEPTEMBER/OCTOBER,HAWAIIAN GROUPER,PRIVATE/RENTAL BOAT,OCEAN (<= 3 MI),334,100.3,7836,100.1,3554,100.1,0,0%,0%,0%
FINAL,2012,JANUARY/FEBRUARY,HAWAIIAN GROUPER,PRIVATE/RENTAL BOAT,OCEAN (<= 3 MI),220,99.1,1541,.,699,.,0,0%,0%,0%
FINAL,2012,JANUARY/FEBRUARY,HAWAIIAN GROUPER,PRIVATE/RENTAL BOAT,OCEAN (> 3 MI),222,100.1,0,.,0,.,222,0%,0%,0%
FINAL,2012,MARCH/APRIL,HAWAIIAN GROUPER,PRIVATE/RENTAL BOAT,OCEAN (<= 3 MI),233,100.2,769,.,349,.,0,0%,0%,0%
FINAL,2012,JULY/AUGUST,HAWAIIAN GROUPER,PRIVATE/RENTAL BOAT,OCEAN (<= 3 MI),161,100.2,940,100.2,426,100.2,0,0%,0%,0%
FINAL,2012,JULY/AUGUST,HAWAIIAN GROUPER,PRIVATE/RENTAL BOAT,OCEAN (> 3 MI),173,99.7,1013,99.7,459,99.7,0,0%,0%,0%
FINAL,2012,SEPTEMBER/OCTOBER,HAWAIIAN GROUPER,PRIVATE/RENTAL BOAT,OCEAN (<= 3 MI),229,100,0,.,0,.,229,0%,0%,0%
FINAL,2012,NOVEMBER/DECEMBER,HAWAIIAN GROUPER,PRIVATE/RENTAL BOAT,OCEAN (<= 3 MI),187,98.7,1235,.,560,.,0,0%,0%,0%
FINAL,2013,MARCH/APRIL,HAWAIIAN GROUPER,PRIVATE/RENTAL BOAT,OCEAN (<= 3 MI),164,100,0,.,0,.,164,0%,0%,0%
FINAL,2013,MARCH/APRIL,HAWAIIAN GROUPER,PRIVATE/RENTAL BOAT,OCEAN (> 3 MI),626,78.4,5655,.,2565,.,0,0%,0%,0%
FINAL,2013,MAY/JUNE,HAWAIIAN GROUPER,PRIVATE/RENTAL BOAT,OCEAN (<= 3 MI),152,100.2,1064,.,483,.,0,0%,0%,0%
FINAL,2013,JULY/AUGUST,HAWAIIAN GROUPER,PRIVATE/RENTAL BOAT,OCEAN (<= 3 MI),190,99.4,1258,.,571,.,0,0%,0%,0%
FINAL,2013,SEPTEMBER/OCTOBER,HAWAIIAN GROUPER,PRIVATE/RENTAL BOAT,OCEAN (> 3 MI),531,70.8,1253,.,568,.,0,0%,0%,0%
FINAL,2013,NOVEMBER/DECEMBER,HAWAIIAN GROUPER,PRIVATE/RENTAL BOAT,OCEAN (<= 3 MI),90,100.4,612,.,277,.,0,0%,0%,0%
FINAL,2014,JANUARY/FEBRUARY,HAWAIIAN GROUPER,PRIVATE/RENTAL BOAT,OCEAN (<= 3 MI),325,100.3,6496,.,2947,.,0,0%,0%,0%
FINAL,2014,JULY/AUGUST,HAWAIIAN GROUPER,PRIVATE/RENTAL BOAT,OCEAN (> 3 MI),117,99.7,0,.,0,.,117,0%,0%,0%
FINAL,2014,SEPTEMBER/OCTOBER,HAWAIIAN GROUPER,PRIVATE/RENTAL BOAT,OCEAN (> 3 MI),670,70.7,0,.,0,.,670,0%,0%,0%
FINAL,2014,NOVEMBER/DECEMBER,HAWAIIAN GROUPER,PRIVATE/RENTAL BOAT,OCEAN (> 3 MI),842,100,0,.,0,.,842,0%,0%,0%
FINAL,2015,MAY/JUNE,HAWAIIAN GROUPER,PRIVATE/RENTAL BOAT,OCEAN (<= 3 MI),185,100,0,.,0,.,185,0%,0%,0%
FINAL,2015,SEPTEMBER/OCTOBER,HAWAIIAN GROUPER,PRIVATE/RENTAL BOAT,OCEAN (<= 3 MI),533,100,0,.,0,.,533,0%,0%,0%
FINAL,2016,MARCH/APRIL,HAWAIIAN GROUPER,PRIVATE/RENTAL BOAT,OCEAN (<= 3 MI),91,100.2,602,.,273,.,0,0%,0%,0%
FINAL,2018,SEPTEMBER/OCTOBER,HAWAIIAN GROUPER,PRIVATE/RENTAL BOAT,OCEAN (<= 3 MI),308,100.6,1932,100.5,876,100.5,0,0%,0%,0%
FINAL,2018,SEPTEMBER/OCTOBER,HAWAIIAN GROUPER,PRIVATE/RENTAL BOAT,OCEAN (> 3 MI),381,100.1,2393,100.1,1085,100.1,0,0%,0%,0%
FINAL,2018,NOVEMBER/DECEMBER,HAWAIIAN GROUPER,PRIVATE/RENTAL BOAT,OCEAN (<= 3 MI),600,100.1,6359,.,2885,.,0,0%,0%,0%
FINAL,2018,NOVEMBER/DECEMBER,HAWAIIAN GROUPER,PRIVATE/RENTAL BOAT,OCEAN (> 3 MI),611,100.1,0,.,0,.,611,0%,0%,0%
FINAL,2019,JANUARY/FEBRUARY,HAWAIIAN GROUPER,PRIVATE/RENTAL BOAT,OCEAN (<= 3 MI),378,100.1,4281,.,1942,.,0,0%,0%,0%
FINAL,2019,MARCH/APRIL,HAWAIIAN GROUPER,PRIVATE/RENTAL BOAT,OCEAN (<= 3 MI),808,73.2,30477,.,13824,.,0,0%,0%,0%
FINAL,2019,SEPTEMBER/OCTOBER,HAWAIIAN GROUPER,PRIVATE/RENTAL BOAT,OCEAN (<= 3 MI),1103,58.8,0,.,0,.,1103,0%,0%,0%
FINAL,2019,SEPTEMBER/OCTOBER,HAWAIIAN GROUPER,PRIVATE/RENTAL BOAT,OCEAN (> 3 MI),374,99.1,0,.,0,.,374,0%,0%,0%
FINAL,2019,NOVEMBER/DECEMBER,HAWAIIAN GROUPER,PRIVATE/RENTAL BOAT,OCEAN (<= 3 MI),636,100.7,4813,.,2183,.,0,0%,0%,0%
FINAL,2020,JANUARY/FEBRUARY,HAWAIIAN GROUPER,PRIVATE/RENTAL BOAT,OCEAN (<= 3 MI),797,74.1,16125,90.2,7314,90.2,0,0%,0%,0%
FINAL,2020,MARCH/APRIL,HAWAIIAN GROUPER,PRIVATE/RENTAL BOAT,OCEAN (<= 3 MI),311,72.6,11742,.,5326,.,0,100%,100%,100%
FINAL,2020,SEPTEMBER/OCTOBER,HAWAIIAN GROUPER,PRIVATE/RENTAL BOAT,OCEAN (<= 3 MI),376,100.3,853,.,387,.,0,0%,0%,0%
FINAL,2004,NOVEMBER/DECEMBER,BINGHAMS SNAPPER,PRIVATE/RENTAL BOAT,OCEAN (<= 3 MI),813,99.1,4660,.,2114,.,0,0%,0%,0%
FINAL,2005,JANUARY/FEBRUARY,BINGHAMS SNAPPER,PRIVATE/RENTAL BOAT,OCEAN (> 3 MI),775,99.5,3931,.,1783,.,0,0%,0%,0%
FINAL,2005,NOVEMBER/DECEMBER,BINGHAMS SNAPPER,PRIVATE/RENTAL BOAT,OCEAN (<= 3 MI),2899,100.2,0,.,0,.,2899,0%,0%,0%
FINAL,2007,SEPTEMBER/OCTOBER,BINGHAMS SNAPPER,PRIVATE/RENTAL BOAT,OCEAN (> 3 MI),341,100,0,.,0,.,341,0%,0%,0%
FINAL,2007,NOVEMBER/DECEMBER,BINGHAMS SNAPPER,PRIVATE/RENTAL BOAT,OCEAN (> 3 MI),509,100,0,.,0,.,509,0%,0%,0%
FINAL,2008,NOVEMBER/DECEMBER,BINGHAMS SNAPPER,PRIVATE/RENTAL BOAT,OCEAN (<= 3 MI),3751,100,0,.,0,.,3751,0%,0%,0%
FINAL,2008,NOVEMBER/DECEMBER,BINGHAMS SNAPPER,PRIVATE/RENTAL BOAT,OCEAN (> 3 MI),4287,100,0,.,0,.,4287,0%,0%,0%
FINAL,2009,NOVEMBER/DECEMBER,BINGHAMS SNAPPER,PRIVATE/RENTAL BOAT,OCEAN (> 3 MI),484,74.6,1131,74.7,513,74.7,0,0%,0%,0%
FINAL,2010,NOVEMBER/DECEMBER,BINGHAMS SNAPPER,PRIVATE/RENTAL BOAT,OCEAN (> 3 MI),2110,61.8,6837,62.4,3101,62.4,0,0%,0%,0%
FINAL,2011,SEPTEMBER/OCTOBER,BINGHAMS SNAPPER,PRIVATE/RENTAL BOAT,OCEAN (<= 3 MI),167,100.3,386,.,175,.,0,0%,0%,0%
FINAL,2012,JANUARY/FEBRUARY,BINGHAMS SNAPPER,PRIVATE/RENTAL BOAT,OCEAN (> 3 MI),889,73.3,0,.,0,.,889,0%,0%,0%
FINAL,2012,JULY/AUGUST,BINGHAMS SNAPPER,PRIVATE/RENTAL BOAT,OCEAN (<= 3 MI),538,100,0,.,0,.,538,0%,0%,0%
FINAL,2012,SEPTEMBER/OCTOBER,BINGHAMS SNAPPER,PRIVATE/RENTAL BOAT,OCEAN (<= 3 MI),101,100.2,0,.,0,.,101,0%,0%,0%
FINAL,2012,SEPTEMBER/OCTOBER,BINGHAMS SNAPPER,PRIVATE/RENTAL BOAT,OCEAN (> 3 MI),112,99.6,516,.,234,.,0,0%,0%,0%
FINAL,2012,NOVEMBER/DECEMBER,BINGHAMS SNAPPER,PRIVATE/RENTAL BOAT,OCEAN (> 3 MI),7615,88.1,20397,88.2,9252,88.2,0,0%,0%,0%
FINAL,2013,JANUARY/FEBRUARY,BINGHAMS SNAPPER,PRIVATE/RENTAL BOAT,OCEAN (> 3 MI),229,100,0,.,0,.,229,0%,0%,0%
FINAL,2013,MARCH/APRIL,BINGHAMS SNAPPER,PRIVATE/RENTAL BOAT,OCEAN (<= 3 MI),164,100,0,.,0,.,164,0%,0%,0%
FINAL,2013,MARCH/APRIL,BINGHAMS SNAPPER,PRIVATE/RENTAL BOAT,OCEAN (> 3 MI),328,100,0,.,0,.,328,0%,0%,0%
FINAL,2013,JULY/AUGUST,BINGHAMS SNAPPER,PRIVATE/RENTAL BOAT,OCEAN (> 3 MI),200,100.1,0,.,0,.,200,0%,0%,0%
FINAL,2013,SEPTEMBER/OCTOBER,BINGHAMS SNAPPER,PRIVATE/RENTAL BOAT,OCEAN (<= 3 MI),1036,100.5,3653,100.5,1657,100.5,0,0%,0%,0%
FINAL,2013,NOVEMBER/DECEMBER,BINGHAMS SNAPPER,PRIVATE/RENTAL BOAT,OCEAN (> 3 MI),190,70.5,0,.,0,.,190,0%,0%,0%
FINAL,2014,SEPTEMBER/OCTOBER,BINGHAMS SNAPPER,PRIVATE/RENTAL BOAT,OCEAN (> 3 MI),166,100.1,0,.,0,.,166,0%,0%,0%
FINAL,2015,JANUARY/FEBRUARY,BINGHAMS SNAPPER,PRIVATE/RENTAL BOAT,OCEAN (<= 3 MI),301,100.1,597,.,271,.,0,0%,0%,0%
FINAL,2015,NOVEMBER/DECEMBER,BINGHAMS SNAPPER,PRIVATE/RENTAL BOAT,OCEAN (> 3 MI),1407,99.5,0,.,0,.,1407,0%,0%,0%
FINAL,2016,JULY/AUGUST,BINGHAMS SNAPPER,PRIVATE/RENTAL BOAT,OCEAN (<= 3 MI),123,100.3,0,.,0,.,123,0%,0%,0%
FINAL,2016,SEPTEMBER/OCTOBER,BINGHAMS SNAPPER,PRIVATE/RENTAL BOAT,OCEAN (<= 3 MI),115,100.1,0,.,0,.,115,0%,0%,0%
FINAL,2017,JANUARY/FEBRUARY,BINGHAMS SNAPPER,PRIVATE/RENTAL BOAT,OCEAN (<= 3 MI),192,100.2,337,100.1,153,100.1,0,0%,0%,0%
FINAL,2017,JANUARY/FEBRUARY,BINGHAMS SNAPPER,PRIVATE/RENTAL BOAT,OCEAN (> 3 MI),203,99.6,355,99.9,161,99.9,0,0%,0%,0%
FINAL,2017,MARCH/APRIL,BINGHAMS SNAPPER,PRIVATE/RENTAL BOAT,OCEAN (<= 3 MI),254,79.2,504,.,228,.,0,0%,0%,0%
FINAL,2017,JULY/AUGUST,BINGHAMS SNAPPER,PRIVATE/RENTAL BOAT,OCEAN (> 3 MI),122,100.1,100,.,45,.,0,0%,0%,0%
FINAL,2017,NOVEMBER/DECEMBER,BINGHAMS SNAPPER,PRIVATE/RENTAL BOAT,OCEAN (> 3 MI),149,100,0,.,0,.,149,0%,0%,0%
FINAL,2018,JANUARY/FEBRUARY,BINGHAMS SNAPPER,PRIVATE/RENTAL BOAT,OCEAN (> 3 MI),1170,100,0,.,0,.,1170,0%,0%,0%
FINAL,2018,SEPTEMBER/OCTOBER,BINGHAMS SNAPPER,PRIVATE/RENTAL BOAT,OCEAN (> 3 MI),381,100.1,1211,.,549,.,0,0%,0%,0%
FINAL,2018,NOVEMBER/DECEMBER,BINGHAMS SNAPPER,PRIVATE/RENTAL BOAT,OCEAN (<= 3 MI),600,100.1,1309,.,594,.,0,0%,0%,0%
FINAL,2019,JANUARY/FEBRUARY,BINGHAMS SNAPPER,PRIVATE/RENTAL BOAT,OCEAN (<= 3 MI),6741,89.2,0,.,0,.,6741,0%,0%,0%
FINAL,2019,MARCH/APRIL,BINGHAMS SNAPPER,PRIVATE/RENTAL BOAT,OCEAN (<= 3 MI),808,100.1,0,.,0,.,808,0%,0%,0%
FINAL,2019,MAY/JUNE,BINGHAMS SNAPPER,PRIVATE/RENTAL BOAT,OCEAN (<= 3 MI),205,100.2,0,.,0,.,205,0%,0%,0%
FINAL,2019,SEPTEMBER/OCTOBER,BINGHAMS SNAPPER,PRIVATE/RENTAL BOAT,OCEAN (<= 3 MI),3921,72.3,11755,.,5332,.,0,0%,0%,0%
FINAL,2019,NOVEMBER/DECEMBER,BINGHAMS SNAPPER,PRIVATE/RENTAL BOAT,OCEAN (<= 3 MI),7962,78.2,0,.,0,.,7962,0%,0%,0%
FINAL,2019,NOVEMBER/DECEMBER,BINGHAMS SNAPPER,PRIVATE/RENTAL BOAT,OCEAN (> 3 MI),757,99.3,6054,.,2746,.,0,0%,0%,0%
FINAL,2020,MARCH/APRIL,BINGHAMS SNAPPER,PRIVATE/RENTAL BOAT,OCEAN (<= 3 MI),311,100.1,0,.,0,.,311,100%,0%,0%
FINAL,2020,MAY/JUNE,BINGHAMS SNAPPER,PRIVATE/RENTAL BOAT,OCEAN (<= 3 MI),181,100.1,0,.,0,.,181,100%,0%,0%
FINAL,2020,SEPTEMBER/OCTOBER,BINGHAMS SNAPPER,PRIVATE/RENTAL BOAT,OCEAN (> 3 MI),2522,58.2,5170,.,2345,.,0,0%,0%,0%
FINAL,2020,NOVEMBER/DECEMBER,BINGHAMS SNAPPER,PRIVATE/RENTAL BOAT,OCEAN (<= 3 MI),1985,76,5032,.,2283,.,0,0%,0%,0%
FINAL,2021,JANUARY/FEBRUARY,BINGHAMS SNAPPER,PRIVATE/RENTAL BOAT,OCEAN (<= 3 MI),516,70.9,734,71.7,333,71.7,0,0%,0%,0%
FINAL,2021,JANUARY/FEBRUARY,BINGHAMS SNAPPER,PRIVATE/RENTAL BOAT,OCEAN (> 3 MI),266,100.1,386,100.1,175,100.1,0,0%,0%,0%
FINAL,2021,JULY/AUGUST,BINGHAMS SNAPPER,PRIVATE/RENTAL BOAT,OCEAN (<= 3 MI),457,100.1,0,.,0,.,457,0%,0%,0%
FINAL,2021,NOVEMBER/DECEMBER,BINGHAMS SNAPPER,PRIVATE/RENTAL BOAT,OCEAN (<= 3 MI),1057,72,0,.,0,.,1057,0%,0%,0%
PRELIMINARY,2022,JANUARY/FEBRUARY,BINGHAMS SNAPPER,PRIVATE/RENTAL BOAT,OCEAN (<= 3 MI),2042,74.9,0,.,0,.,2042,0%,0%,0%
PRELIMINARY,2022,JANUARY/FEBRUARY,BINGHAMS SNAPPER,PRIVATE/RENTAL BOAT,OCEAN (> 3 MI),4123,85.2,0,.,0,.,4123,0%,0%,0%
FINAL,2004,SEPTEMBER/OCTOBER,IRONJAW SNAPPER,PRIVATE/RENTAL BOAT,OCEAN (<= 3 MI),10021,74.5,0,.,0,.,10021,0%,0%,0%
FINAL,2005,NOVEMBER/DECEMBER,IRONJAW SNAPPER,PRIVATE/RENTAL BOAT,OCEAN (<= 3 MI),1761,100,0,.,0,.,1761,0%,0%,0%
FINAL,2007,JANUARY/FEBRUARY,IRONJAW SNAPPER,PRIVATE/RENTAL BOAT,OCEAN (<= 3 MI),239,100,3587,.,1627,.,0,0%,0%,0%
FINAL,2007,SEPTEMBER/OCTOBER,IRONJAW SNAPPER,PRIVATE/RENTAL BOAT,OCEAN (<= 3 MI),330,100.3,3632,.,1648,.,0,0%,0%,0%
FINAL,2008,MARCH/APRIL,IRONJAW SNAPPER,PRIVATE/RENTAL BOAT,OCEAN (<= 3 MI),1855,100,0,.,0,.,1855,0%,0%,0%
FINAL,2009,JANUARY/FEBRUARY,IRONJAW SNAPPER,PRIVATE/RENTAL BOAT,OCEAN (> 3 MI),697,99.5,3886,.,1763,.,0,0%,0%,0%
FINAL,2010,SEPTEMBER/OCTOBER,IRONJAW SNAPPER,PRIVATE/RENTAL BOAT,OCEAN (<= 3 MI),417,100,0,.,0,.,417,0%,0%,0%
FINAL,2011,JANUARY/FEBRUARY,IRONJAW SNAPPER,PRIVATE/RENTAL BOAT,OCEAN (<= 3 MI),271,100,0,.,0,.,271,0%,0%,0%
FINAL,2012,JANUARY/FEBRUARY,IRONJAW SNAPPER,PRIVATE/RENTAL BOAT,OCEAN (<= 3 MI),440,100.1,0,.,0,.,440,0%,0%,0%
FINAL,2013,MAY/JUNE,IRONJAW SNAPPER,PRIVATE/RENTAL BOAT,OCEAN (> 3 MI),148,99.3,0,.,0,.,148,0%,0%,0%
FINAL,2013,NOVEMBER/DECEMBER,IRONJAW SNAPPER,PRIVATE/RENTAL BOAT,OCEAN (> 3 MI),187,100.1,0,.,0,.,187,0%,0%,0%
FINAL,2015,JANUARY/FEBRUARY,IRONJAW SNAPPER,PRIVATE/RENTAL BOAT,OCEAN (<= 3 MI),1259,60.3,0,.,0,.,1259,0%,0%,0%
FINAL,2015,JANUARY/FEBRUARY,IRONJAW SNAPPER,PRIVATE/RENTAL BOAT,OCEAN (> 3 MI),157,100.1,1403,.,636,.,0,0%,0%,0%
FINAL,2016,NOVEMBER/DECEMBER,IRONJAW SNAPPER,PRIVATE/RENTAL BOAT,OCEAN (<= 3 MI),721,71.5,0,.,0,.,721,0%,0%,0%
FINAL,2017,JANUARY/FEBRUARY,IRONJAW SNAPPER,PRIVATE/RENTAL BOAT,OCEAN (<= 3 MI),192,100.2,4769,.,2163,.,0,0%,0%,0%
FINAL,2019,JANUARY/FEBRUARY,IRONJAW SNAPPER,PRIVATE/RENTAL BOAT,OCEAN (> 3 MI),399,100.1,4592,.,2083,.,0,0%,0%,0%
FINAL,2019,MARCH/APRIL,IRONJAW SNAPPER,PRIVATE/RENTAL BOAT,OCEAN (> 3 MI),846,100.2,0,.,0,.,846,0%,0%,0%
FINAL,2020,MARCH/APRIL,IRONJAW SNAPPER,PRIVATE/RENTAL BOAT,OCEAN (> 3 MI),313,100.1,0,.,0,.,313,100%,0%,0%
FINAL,2021,NOVEMBER/DECEMBER,IRONJAW SNAPPER,PRIVATE/RENTAL BOAT,OCEAN (<= 3 MI),1057,70.6,0,.,0,.,1057,0%,0%,0%
PRELIMINARY,2022,JANUARY/FEBRUARY,IRONJAW SNAPPER,PRIVATE/RENTAL BOAT,OCEAN (<= 3 MI),663,100.1,0,.,0,.,663,0%,0%,0%
FINAL,2003,MAY/JUNE,LONGTAILED RED SNAPPER,PRIVATE/RENTAL BOAT,OCEAN (<= 3 MI),3465,99,10695,.,4851,.,0,,,
FINAL,2003,SEPTEMBER/OCTOBER,LONGTAILED RED SNAPPER,PRIVATE/RENTAL BOAT,OCEAN (<= 3 MI),289,100.1,2124,100,963,100,0,,,
FINAL,2003,SEPTEMBER/OCTOBER,LONGTAILED RED SNAPPER,PRIVATE/RENTAL BOAT,OCEAN (> 3 MI),10124,55.2,85558,67,38809,67,0,,,
FINAL,2004,JANUARY/FEBRUARY,LONGTAILED RED SNAPPER,PRIVATE/RENTAL BOAT,OCEAN (<= 3 MI),2467,59.9,11217,59.9,5088,59.9,0,,,
FINAL,2004,JANUARY/FEBRUARY,LONGTAILED RED SNAPPER,PRIVATE/RENTAL BOAT,OCEAN (> 3 MI),6167,71.5,28041,71.7,12719,71.7,0,,,
FINAL,2004,MARCH/APRIL,LONGTAILED RED SNAPPER,PRIVATE/RENTAL BOAT,OCEAN (> 3 MI),3179,72.3,0,.,0,.,3179,,,
FINAL,2004,NOVEMBER/DECEMBER,LONGTAILED RED SNAPPER,PRIVATE/RENTAL BOAT,OCEAN (<= 3 MI),2032,100,17475,.,7926,.,0,,,
FINAL,2005,JANUARY/FEBRUARY,LONGTAILED RED SNAPPER,PRIVATE/RENTAL BOAT,OCEAN (<= 3 MI),1163,100,5794,100,2628,100,0,,,
FINAL,2005,JANUARY/FEBRUARY,LONGTAILED RED SNAPPER,PRIVATE/RENTAL BOAT,OCEAN (> 3 MI),3489,56.9,17382,56.9,7885,56.9,0,,,
FINAL,2005,JULY/AUGUST,LONGTAILED RED SNAPPER,PRIVATE/RENTAL BOAT,OCEAN (> 3 MI),2620,100,12710,.,5765,.,0,,,
FINAL,2005,SEPTEMBER/OCTOBER,LONGTAILED RED SNAPPER,PRIVATE/RENTAL BOAT,OCEAN (> 3 MI),1673,100,14385,100,6525,100,0,,,
FINAL,2005,NOVEMBER/DECEMBER,LONGTAILED RED SNAPPER,PRIVATE/RENTAL BOAT,OCEAN (<= 3 MI),4639,61.6,21476,61.9,9741,61.9,0,,,
FINAL,2005,NOVEMBER/DECEMBER,LONGTAILED RED SNAPPER,PRIVATE/RENTAL BOAT,OCEAN (> 3 MI),4679,62.4,21663,62.8,9826,62.8,0,,,
FINAL,2006,JANUARY/FEBRUARY,LONGTAILED RED SNAPPER,PRIVATE/RENTAL BOAT,OCEAN (<= 3 MI),8378,100,0,.,0,.,8378,,,
FINAL,2006,MARCH/APRIL,LONGTAILED RED SNAPPER,PRIVATE/RENTAL BOAT,OCEAN (> 3 MI),3671,100,0,.,0,.,3671,,,
FINAL,2006,MAY/JUNE,LONGTAILED RED SNAPPER,PRIVATE/RENTAL BOAT,OCEAN (<= 3 MI),2861,73.3,10934,74.8,4960,74.8,0,,,
FINAL,2006,MAY/JUNE,LONGTAILED RED SNAPPER,PRIVATE/RENTAL BOAT,OCEAN (> 3 MI),291,100,1112,100,504,100,0,,,
FINAL,2006,JULY/AUGUST,LONGTAILED RED SNAPPER,PRIVATE/RENTAL BOAT,OCEAN (> 3 MI),4319,77,51892,.,23538,.,0,,,
FINAL,2006,SEPTEMBER/OCTOBER,LONGTAILED RED SNAPPER,PRIVATE/RENTAL BOAT,OCEAN (<= 3 MI),3437,100.2,39777,.,18043,.,0,,,
FINAL,2006,SEPTEMBER/OCTOBER,LONGTAILED RED SNAPPER,PRIVATE/RENTAL BOAT,OCEAN (> 3 MI),6955,100,0,.,0,.,6955,,,
FINAL,2007,JANUARY/FEBRUARY,LONGTAILED RED SNAPPER,PRIVATE/RENTAL BOAT,OCEAN (<= 3 MI),2386,73.2,0,.,0,.,2386,,,
FINAL,2007,JANUARY/FEBRUARY,LONGTAILED RED SNAPPER,PRIVATE/RENTAL BOAT,OCEAN (> 3 MI),1414,99.4,0,.,0,.,1414,,,
FINAL,2007,SEPTEMBER/OCTOBER,LONGTAILED RED SNAPPER,PRIVATE/RENTAL BOAT,OCEAN (<= 3 MI),1977,100.3,9807,.,4448,.,0,,,
FINAL,2007,SEPTEMBER/OCTOBER,LONGTAILED RED SNAPPER,PRIVATE/RENTAL BOAT,OCEAN (> 3 MI),1706,100,0,.,0,.,1706,,,
FINAL,2008,JANUARY/FEBRUARY,LONGTAILED RED SNAPPER,PRIVATE/RENTAL BOAT,OCEAN (<= 3 MI),2626,71.9,14703,72.3,6669,72.3,0,,,
FINAL,2008,NOVEMBER/DECEMBER,LONGTAILED RED SNAPPER,PRIVATE/RENTAL BOAT,OCEAN (<= 3 MI),536,100,0,.,0,.,536,,,
FINAL,2008,NOVEMBER/DECEMBER,LONGTAILED RED SNAPPER,PRIVATE/RENTAL BOAT,OCEAN (> 3 MI),4822,54.3,0,.,0,.,4822,,,
FINAL,2009,JANUARY/FEBRUARY,LONGTAILED RED SNAPPER,PRIVATE/RENTAL BOAT,OCEAN (> 3 MI),1916,84,13138,.,5959,.,0,,,
FINAL,2009,MARCH/APRIL,LONGTAILED RED SNAPPER,PRIVATE/RENTAL BOAT,OCEAN (> 3 MI),294,100,0,.,0,.,294,,,
FINAL,2009,SEPTEMBER/OCTOBER,LONGTAILED RED SNAPPER,PRIVATE/RENTAL BOAT,OCEAN (> 3 MI),213,100,0,.,0,.,213,,,
FINAL,2009,NOVEMBER/DECEMBER,LONGTAILED RED SNAPPER,PRIVATE/RENTAL BOAT,OCEAN (<= 3 MI),161,100,0,.,0,.,161,,,
FINAL,2009,NOVEMBER/DECEMBER,LONGTAILED RED SNAPPER,PRIVATE/RENTAL BOAT,OCEAN (> 3 MI),1774,63.3,0,.,0,.,1774,,,
FINAL,2010,JANUARY/FEBRUARY,LONGTAILED RED SNAPPER,PRIVATE/RENTAL BOAT,OCEAN (<= 3 MI),1047,100,0,.,0,.,1047,,,
FINAL,2010,JANUARY/FEBRUARY,LONGTAILED RED SNAPPER,PRIVATE/RENTAL BOAT,OCEAN (> 3 MI),349,100,0,.,0,.,349,,,
FINAL,2010,MARCH/APRIL,LONGTAILED RED SNAPPER,PRIVATE/RENTAL BOAT,OCEAN (<= 3 MI),2885,90.6,0,.,0,.,2885,,,
FINAL,2010,SEPTEMBER/OCTOBER,LONGTAILED RED SNAPPER,PRIVATE/RENTAL BOAT,OCEAN (<= 3 MI),417,100,2945,100,1336,100,0,,,
FINAL,2010,SEPTEMBER/OCTOBER,LONGTAILED RED SNAPPER,PRIVATE/RENTAL BOAT,OCEAN (> 3 MI),824,100,5815,100,2638,100,0,,,
FINAL,2010,NOVEMBER/DECEMBER,LONGTAILED RED SNAPPER,PRIVATE/RENTAL BOAT,OCEAN (<= 3 MI),8040,93.8,21979,.,9970,.,0,,,
FINAL,2010,NOVEMBER/DECEMBER,LONGTAILED RED SNAPPER,PRIVATE/RENTAL BOAT,OCEAN (> 3 MI),6429,68.2,0,.,0,.,6429,,,
FINAL,2011,JANUARY/FEBRUARY,LONGTAILED RED SNAPPER,PRIVATE/RENTAL BOAT,OCEAN (<= 3 MI),2354,89.4,16429,91.3,7452,91.3,0,,,
FINAL,2011,JANUARY/FEBRUARY,LONGTAILED RED SNAPPER,PRIVATE/RENTAL BOAT,OCEAN (> 3 MI),1220,89.7,8512,91.5,3861,91.5,0,,,
FINAL,2011,SEPTEMBER/OCTOBER,LONGTAILED RED SNAPPER,PRIVATE/RENTAL BOAT,OCEAN (<= 3 MI),2433,48.4,6759,48.6,3066,48.6,0,,,
FINAL,2011,SEPTEMBER/OCTOBER,LONGTAILED RED SNAPPER,PRIVATE/RENTAL BOAT,OCEAN (> 3 MI),1060,100,2943,100,1335,100,0,,,
FINAL,2011,NOVEMBER/DECEMBER,LONGTAILED RED SNAPPER,PRIVATE/RENTAL BOAT,OCEAN (> 3 MI),540,98.9,4522,.,2051,.,0,,,
FINAL,2012,JANUARY/FEBRUARY,LONGTAILED RED SNAPPER,PRIVATE/RENTAL BOAT,OCEAN (<= 3 MI),4837,99.1,21325,.,9673,.,0,,,
FINAL,2012,JANUARY/FEBRUARY,LONGTAILED RED SNAPPER,PRIVATE/RENTAL BOAT,OCEAN (> 3 MI),1333,61.9,0,.,0,.,1333,,,
FINAL,2012,MARCH/APRIL,LONGTAILED RED SNAPPER,PRIVATE/RENTAL BOAT,OCEAN (> 3 MI),235,100,0,.,0,.,235,,,
FINAL,2012,JULY/AUGUST,LONGTAILED RED SNAPPER,PRIVATE/RENTAL BOAT,OCEAN (> 3 MI),2081,85.7,0,.,0,.,2081,,,
FINAL,2012,SEPTEMBER/OCTOBER,LONGTAILED RED SNAPPER,PRIVATE/RENTAL BOAT,OCEAN (> 3 MI),4126,82.3,47028,88.6,21332,88.6,0,,,
FINAL,2012,NOVEMBER/DECEMBER,LONGTAILED RED SNAPPER,PRIVATE/RENTAL BOAT,OCEAN (<= 3 MI),747,100.1,0,.,0,.,747,,,
FINAL,2012,NOVEMBER/DECEMBER,LONGTAILED RED SNAPPER,PRIVATE/RENTAL BOAT,OCEAN (> 3 MI),5161,77.1,0,.,0,.,5161,,,
FINAL,2013,MARCH/APRIL,LONGTAILED RED SNAPPER,PRIVATE/RENTAL BOAT,OCEAN (<= 3 MI),2421,54.8,5444,68,2469,68,0,,,
FINAL,2013,MAY/JUNE,LONGTAILED RED SNAPPER,PRIVATE/RENTAL BOAT,OCEAN (> 3 MI),296,71.8,1108,.,503,.,0,,,
FINAL,2013,JULY/AUGUST,LONGTAILED RED SNAPPER,PRIVATE/RENTAL BOAT,OCEAN (<= 3 MI),1402,71.1,0,.,0,.,1402,,,
FINAL,2013,SEPTEMBER/OCTOBER,LONGTAILED RED SNAPPER,PRIVATE/RENTAL BOAT,OCEAN (<= 3 MI),1812,75.4,11007,75.6,4993,75.6,0,,,
FINAL,2013,SEPTEMBER/OCTOBER,LONGTAILED RED SNAPPER,PRIVATE/RENTAL BOAT,OCEAN (> 3 MI),4605,79.9,26941,80.3,12220,80.3,0,,,
FINAL,2013,NOVEMBER/DECEMBER,LONGTAILED RED SNAPPER,PRIVATE/RENTAL BOAT,OCEAN (<= 3 MI),1971,66.6,0,.,0,.,1971,,,
FINAL,2013,NOVEMBER/DECEMBER,LONGTAILED RED SNAPPER,PRIVATE/RENTAL BOAT,OCEAN (> 3 MI),1821,54.9,0,.,0,.,1821,,,
FINAL,2014,JANUARY/FEBRUARY,LONGTAILED RED SNAPPER,PRIVATE/RENTAL BOAT,OCEAN (<= 3 MI),5520,65.2,63586,65.3,28842,65.3,0,,,
FINAL,2014,MAY/JUNE,LONGTAILED RED SNAPPER,PRIVATE/RENTAL BOAT,OCEAN (> 3 MI),1014,69.5,11183,.,5072,.,0,,,
FINAL,2014,JULY/AUGUST,LONGTAILED RED SNAPPER,PRIVATE/RENTAL BOAT,OCEAN (> 3 MI),703,99.7,0,.,0,.,703,,,
FINAL,2014,SEPTEMBER/OCTOBER,LONGTAILED RED SNAPPER,PRIVATE/RENTAL BOAT,OCEAN (> 3 MI),5493,61.2,81078,61.3,36777,61.3,0,,,
FINAL,2014,NOVEMBER/DECEMBER,LONGTAILED RED SNAPPER,PRIVATE/RENTAL BOAT,OCEAN (<= 3 MI),3073,76.9,0,.,0,.,3073,,,
FINAL,2014,NOVEMBER/DECEMBER,LONGTAILED RED SNAPPER,PRIVATE/RENTAL BOAT,OCEAN (> 3 MI),2105,72.1,0,.,0,.,2105,,,
FINAL,2015,JANUARY/FEBRUARY,LONGTAILED RED SNAPPER,PRIVATE/RENTAL BOAT,OCEAN (<= 3 MI),7528,48,51902,54.1,23542,54.1,0,,,
FINAL,2015,JANUARY/FEBRUARY,LONGTAILED RED SNAPPER,PRIVATE/RENTAL BOAT,OCEAN (> 3 MI),628,100.1,4333,100.1,1965,100.1,0,,,
FINAL,2015,MAY/JUNE,LONGTAILED RED SNAPPER,PRIVATE/RENTAL BOAT,OCEAN (> 3 MI),701,61.8,0,.,0,.,701,,,
FINAL,2015,JULY/AUGUST,LONGTAILED RED SNAPPER,PRIVATE/RENTAL BOAT,OCEAN (> 3 MI),126,99.7,0,.,0,.,126,,,
FINAL,2015,SEPTEMBER/OCTOBER,LONGTAILED RED SNAPPER,PRIVATE/RENTAL BOAT,OCEAN (<= 3 MI),266,100,0,.,0,.,266,,,
FINAL,2015,SEPTEMBER/OCTOBER,LONGTAILED RED SNAPPER,PRIVATE/RENTAL BOAT,OCEAN (> 3 MI),250,99.6,0,.,0,.,250,,,
FINAL,2015,NOVEMBER/DECEMBER,LONGTAILED RED SNAPPER,PRIVATE/RENTAL BOAT,OCEAN (<= 3 MI),136,100.1,2183,.,990,.,0,,,
FINAL,2015,NOVEMBER/DECEMBER,LONGTAILED RED SNAPPER,PRIVATE/RENTAL BOAT,OCEAN (> 3 MI),281,99.5,0,.,0,.,281,,,
FINAL,2016,JANUARY/FEBRUARY,LONGTAILED RED SNAPPER,PRIVATE/RENTAL BOAT,OCEAN (<= 3 MI),389,100,0,.,0,.,389,,,
FINAL,2016,JANUARY/FEBRUARY,LONGTAILED RED SNAPPER,PRIVATE/RENTAL BOAT,OCEAN (> 3 MI),2240,87.9,0,.,0,.,2240,,,
FINAL,2016,MARCH/APRIL,LONGTAILED RED SNAPPER,PRIVATE/RENTAL BOAT,OCEAN (> 3 MI),415,99.6,0,.,0,.,415,,,
FINAL,2016,MAY/JUNE,LONGTAILED RED SNAPPER,PRIVATE/RENTAL BOAT,OCEAN (<= 3 MI),240,71,0,.,0,.,240,,,
FINAL,2016,MAY/JUNE,LONGTAILED RED SNAPPER,PRIVATE/RENTAL BOAT,OCEAN (> 3 MI),625,99.8,0,.,0,.,625,,,
FINAL,2016,NOVEMBER/DECEMBER,LONGTAILED RED SNAPPER,PRIVATE/RENTAL BOAT,OCEAN (<= 3 MI),680,84.9,4924,86.2,2233,86.2,0,,,
FINAL,2016,NOVEMBER/DECEMBER,LONGTAILED RED SNAPPER,PRIVATE/RENTAL BOAT,OCEAN (> 3 MI),925,74.4,7376,75.8,3346,75.8,0,,,
FINAL,2017,JANUARY/FEBRUARY,LONGTAILED RED SNAPPER,PRIVATE/RENTAL BOAT,OCEAN (<= 3 MI),213,100,0,.,0,.,213,,,
FINAL,2017,JANUARY/FEBRUARY,LONGTAILED RED SNAPPER,PRIVATE/RENTAL BOAT,OCEAN (> 3 MI),203,100.1,232,.,105,.,0,,,
FINAL,2017,MARCH/APRIL,LONGTAILED RED SNAPPER,PRIVATE/RENTAL BOAT,OCEAN (<= 3 MI),127,100,1158,.,525,.,0,,,
FINAL,2017,SEPTEMBER/OCTOBER,LONGTAILED RED SNAPPER,PRIVATE/RENTAL BOAT,OCEAN (> 3 MI),760,100.1,6184,100.1,2805,100.1,0,,,
FINAL,2018,NOVEMBER/DECEMBER,LONGTAILED RED SNAPPER,PRIVATE/RENTAL BOAT,OCEAN (<= 3 MI),9964,49.3,0,.,0,.,9964,,,
FINAL,2018,NOVEMBER/DECEMBER,LONGTAILED RED SNAPPER,PRIVATE/RENTAL BOAT,OCEAN (> 3 MI),16509,62.5,102270,.,46389,.,0,,,
FINAL,2019,NOVEMBER/DECEMBER,LONGTAILED RED SNAPPER,PRIVATE/RENTAL BOAT,OCEAN (> 3 MI),1513,99.3,13243,99.3,6007,99.3,0,,,
FINAL,2020,JANUARY/FEBRUARY,LONGTAILED RED SNAPPER,PRIVATE/RENTAL BOAT,OCEAN (<= 3 MI),811,70.9,8032,.,3643,.,0,,,
FINAL,2020,JULY/AUGUST,LONGTAILED RED SNAPPER,PRIVATE/RENTAL BOAT,OCEAN (> 3 MI),515,100.1,6239,.,2830,.,0,,,
FINAL,2020,SEPTEMBER/OCTOBER,LONGTAILED RED SNAPPER,PRIVATE/RENTAL BOAT,OCEAN (> 3 MI),4288,65.9,37433,.,16979,.,0,,,
FINAL,2020,NOVEMBER/DECEMBER,LONGTAILED RED SNAPPER,PRIVATE/RENTAL BOAT,OCEAN (<= 3 MI),662,100.2,7249,.,3288,.,0,,,
FINAL,2021,JULY/AUGUST,LONGTAILED RED SNAPPER,PRIVATE/RENTAL BOAT,OCEAN (<= 3 MI),1370,100.1,0,.,0,.,1370,,,
FINAL,2021,NOVEMBER/DECEMBER,LONGTAILED RED SNAPPER,PRIVATE/RENTAL BOAT,OCEAN (<= 3 MI),3699,50,25116,.,11392,.,0,,,
FINAL,2021,NOVEMBER/DECEMBER,LONGTAILED RED SNAPPER,PRIVATE/RENTAL BOAT,OCEAN (> 3 MI),1651,100.1,0,.,0,.,1651,,,
FINAL,2003,SEPTEMBER/OCTOBER,VON SIEBOLDS SNAPPER,PRIVATE/RENTAL BOAT,OCEAN (<= 3 MI),1157,71.8,1786,71.8,810,71.8,0,0%,0%,0%
FINAL,2004,NOVEMBER/DECEMBER,VON SIEBOLDS SNAPPER,PRIVATE/RENTAL BOAT,OCEAN (<= 3 MI),406,100,0,.,0,.,406,0%,0%,0%
FINAL,2005,JANUARY/FEBRUARY,VON SIEBOLDS SNAPPER,PRIVATE/RENTAL BOAT,OCEAN (<= 3 MI),775,98.8,0,.,0,.,775,0%,0%,0%
FINAL,2005,SEPTEMBER/OCTOBER,VON SIEBOLDS SNAPPER,PRIVATE/RENTAL BOAT,OCEAN (> 3 MI),2008,100,0,.,0,.,2008,0%,0%,0%
FINAL,2006,MARCH/APRIL,VON SIEBOLDS SNAPPER,PRIVATE/RENTAL BOAT,OCEAN (> 3 MI),2753,99.2,0,.,0,.,2753,0%,0%,0%
FINAL,2006,SEPTEMBER/OCTOBER,VON SIEBOLDS SNAPPER,PRIVATE/RENTAL BOAT,OCEAN (<= 3 MI),2578,100.2,5682,.,2578,.,0,0%,0%,0%
FINAL,2007,SEPTEMBER/OCTOBER,VON SIEBOLDS SNAPPER,PRIVATE/RENTAL BOAT,OCEAN (<= 3 MI),4658,75.3,9756,75.3,4425,75.3,0,0%,0%,0%
FINAL,2007,NOVEMBER/DECEMBER,VON SIEBOLDS SNAPPER,PRIVATE/RENTAL BOAT,OCEAN (> 3 MI),254,100,0,.,0,.,254,0%,0%,0%
FINAL,2008,JANUARY/FEBRUARY,VON SIEBOLDS SNAPPER,PRIVATE/RENTAL BOAT,OCEAN (> 3 MI),492,100,0,.,0,.,492,0%,0%,0%
FINAL,2008,MARCH/APRIL,VON SIEBOLDS SNAPPER,PRIVATE/RENTAL BOAT,OCEAN (> 3 MI),1855,100,0,.,0,.,1855,0%,0%,0%
FINAL,2008,NOVEMBER/DECEMBER,VON SIEBOLDS SNAPPER,PRIVATE/RENTAL BOAT,OCEAN (> 3 MI),3751,61.5,0,.,0,.,3751,0%,0%,0%
FINAL,2009,JANUARY/FEBRUARY,VON SIEBOLDS SNAPPER,PRIVATE/RENTAL BOAT,OCEAN (> 3 MI),174,98.9,399,.,181,.,0,0%,0%,0%
FINAL,2009,NOVEMBER/DECEMBER,VON SIEBOLDS SNAPPER,PRIVATE/RENTAL BOAT,OCEAN (> 3 MI),645,78.6,0,.,0,.,645,0%,0%,0%
FINAL,2010,JANUARY/FEBRUARY,VON SIEBOLDS SNAPPER,PRIVATE/RENTAL BOAT,OCEAN (> 3 MI),23734,69.7,25813,69.8,11709,69.8,0,0%,0%,0%
FINAL,2010,SEPTEMBER/OCTOBER,VON SIEBOLDS SNAPPER,PRIVATE/RENTAL BOAT,OCEAN (> 3 MI),412,100,854,.,387,.,0,0%,0%,0%
FINAL,2010,NOVEMBER/DECEMBER,VON SIEBOLDS SNAPPER,PRIVATE/RENTAL BOAT,OCEAN (<= 3 MI),4837,100,0,.,0,.,4837,0%,0%,0%
FINAL,2011,JANUARY/FEBRUARY,VON SIEBOLDS SNAPPER,PRIVATE/RENTAL BOAT,OCEAN (<= 3 MI),392,99,863,.,392,.,0,0%,0%,0%
FINAL,2011,JANUARY/FEBRUARY,VON SIEBOLDS SNAPPER,PRIVATE/RENTAL BOAT,OCEAN (> 3 MI),2848,95.4,0,.,0,.,2848,0%,0%,0%
FINAL,2011,MARCH/APRIL,VON SIEBOLDS SNAPPER,PRIVATE/RENTAL BOAT,OCEAN (<= 3 MI),2118,91.3,21013,.,9531,.,0,0%,0%,0%
FINAL,2011,SEPTEMBER/OCTOBER,VON SIEBOLDS SNAPPER,PRIVATE/RENTAL BOAT,OCEAN (<= 3 MI),2080,75.2,4941,75.4,2241,75.4,0,0%,0%,0%
FINAL,2011,NOVEMBER/DECEMBER,VON SIEBOLDS SNAPPER,PRIVATE/RENTAL BOAT,OCEAN (> 3 MI),1080,98.9,4998,.,2267,.,0,0%,0%,0%
FINAL,2012,JANUARY/FEBRUARY,VON SIEBOLDS SNAPPER,PRIVATE/RENTAL BOAT,OCEAN (> 3 MI),2445,83.9,0,.,0,.,2445,0%,0%,0%
FINAL,2012,MARCH/APRIL,VON SIEBOLDS SNAPPER,PRIVATE/RENTAL BOAT,OCEAN (> 3 MI),470,100,0,.,0,.,470,0%,0%,0%
FINAL,2012,MAY/JUNE,VON SIEBOLDS SNAPPER,PRIVATE/RENTAL BOAT,OCEAN (> 3 MI),1277,99.6,3096,.,1404,.,0,0%,0%,0%
FINAL,2012,JULY/AUGUST,VON SIEBOLDS SNAPPER,PRIVATE/RENTAL BOAT,OCEAN (<= 3 MI),1237,88,2728,.,1237,.,0,0%,0%,0%
FINAL,2012,JULY/AUGUST,VON SIEBOLDS SNAPPER,PRIVATE/RENTAL BOAT,OCEAN (> 3 MI),1387,100.1,0,.,0,.,1387,0%,0%,0%
FINAL,2012,SEPTEMBER/OCTOBER,VON SIEBOLDS SNAPPER,PRIVATE/RENTAL BOAT,OCEAN (<= 3 MI),1592,69.7,3509,.,1592,.,0,0%,0%,0%
FINAL,2012,NOVEMBER/DECEMBER,VON SIEBOLDS SNAPPER,PRIVATE/RENTAL BOAT,OCEAN (<= 3 MI),1990,78.1,0,.,0,.,1990,0%,0%,0%
FINAL,2012,NOVEMBER/DECEMBER,VON SIEBOLDS SNAPPER,PRIVATE/RENTAL BOAT,OCEAN (> 3 MI),5342,59.2,2120,.,962,.,0,0%,0%,0%
FINAL,2013,JANUARY/FEBRUARY,VON SIEBOLDS SNAPPER,PRIVATE/RENTAL BOAT,OCEAN (<= 3 MI),1603,100,0,.,0,.,1603,0%,0%,0%
FINAL,2013,MARCH/APRIL,VON SIEBOLDS SNAPPER,PRIVATE/RENTAL BOAT,OCEAN (<= 3 MI),801,83.9,1482,.,672,.,0,0%,0%,0%
FINAL,2013,MARCH/APRIL,VON SIEBOLDS SNAPPER,PRIVATE/RENTAL BOAT,OCEAN (> 3 MI),164,100,0,.,0,.,164,0%,0%,0%
FINAL,2013,SEPTEMBER/OCTOBER,VON SIEBOLDS SNAPPER,PRIVATE/RENTAL BOAT,OCEAN (<= 3 MI),2137,70.9,4241,71.1,1924,71.1,0,0%,0%,0%
FINAL,2013,SEPTEMBER/OCTOBER,VON SIEBOLDS SNAPPER,PRIVATE/RENTAL BOAT,OCEAN (> 3 MI),2420,75.3,5158,75.3,2340,75.3,0,0%,0%,0%
FINAL,2013,NOVEMBER/DECEMBER,VON SIEBOLDS SNAPPER,PRIVATE/RENTAL BOAT,OCEAN (> 3 MI),473,71.9,0,.,0,.,473,0%,0%,0%
FINAL,2014,JANUARY/FEBRUARY,VON SIEBOLDS SNAPPER,PRIVATE/RENTAL BOAT,OCEAN (<= 3 MI),1739,100,0,.,0,.,1739,0%,0%,0%
FINAL,2014,MAY/JUNE,VON SIEBOLDS SNAPPER,PRIVATE/RENTAL BOAT,OCEAN (<= 3 MI),1648,100,0,.,0,.,1648,0%,0%,0%
FINAL,2014,NOVEMBER/DECEMBER,VON SIEBOLDS SNAPPER,PRIVATE/RENTAL BOAT,OCEAN (> 3 MI),4210,100.1,8352,.,3789,.,0,0%,0%,0%
FINAL,2015,JANUARY/FEBRUARY,VON SIEBOLDS SNAPPER,PRIVATE/RENTAL BOAT,OCEAN (<= 3 MI),1090,53.1,529,.,240,.,0,0%,0%,0%
FINAL,2015,MAY/JUNE,VON SIEBOLDS SNAPPER,PRIVATE/RENTAL BOAT,OCEAN (<= 3 MI),1283,67.7,7353,.,3335,.,0,0%,0%,0%
FINAL,2015,JULY/AUGUST,VON SIEBOLDS SNAPPER,PRIVATE/RENTAL BOAT,OCEAN (> 3 MI),880,99.7,1184,.,537,.,0,0%,0%,0%
FINAL,2015,SEPTEMBER/OCTOBER,VON SIEBOLDS SNAPPER,PRIVATE/RENTAL BOAT,OCEAN (<= 3 MI),2397,76.4,0,.,0,.,2397,0%,0%,0%
FINAL,2016,JANUARY/FEBRUARY,VON SIEBOLDS SNAPPER,PRIVATE/RENTAL BOAT,OCEAN (<= 3 MI),2025,100,0,.,0,.,2025,0%,0%,0%
FINAL,2016,MARCH/APRIL,VON SIEBOLDS SNAPPER,PRIVATE/RENTAL BOAT,OCEAN (<= 3 MI),428,100,683,100,310,100,0,0%,0%,0%
FINAL,2016,MARCH/APRIL,VON SIEBOLDS SNAPPER,PRIVATE/RENTAL BOAT,OCEAN (> 3 MI),519,100.1,828,100.1,376,100.1,0,0%,0%,0%
FINAL,2016,MAY/JUNE,VON SIEBOLDS SNAPPER,PRIVATE/RENTAL BOAT,OCEAN (<= 3 MI),388,100,0,.,0,.,388,0%,0%,0%
FINAL,2016,NOVEMBER/DECEMBER,VON SIEBOLDS SNAPPER,PRIVATE/RENTAL BOAT,OCEAN (<= 3 MI),2959,74.1,4436,76.7,2012,76.7,0,0%,0%,0%
FINAL,2016,NOVEMBER/DECEMBER,VON SIEBOLDS SNAPPER,PRIVATE/RENTAL BOAT,OCEAN (> 3 MI),3124,78.2,4835,78.6,2193,78.6,0,0%,0%,0%
FINAL,2017,JANUARY/FEBRUARY,VON SIEBOLDS SNAPPER,PRIVATE/RENTAL BOAT,OCEAN (<= 3 MI),385,100.2,636,.,288,.,0,0%,0%,0%
FINAL,2017,MARCH/APRIL,VON SIEBOLDS SNAPPER,PRIVATE/RENTAL BOAT,OCEAN (<= 3 MI),127,100,0,.,0,.,127,0%,0%,0%
FINAL,2017,MARCH/APRIL,VON SIEBOLDS SNAPPER,PRIVATE/RENTAL BOAT,OCEAN (> 3 MI),133,100,0,.,0,.,133,0%,0%,0%
FINAL,2017,MAY/JUNE,VON SIEBOLDS SNAPPER,PRIVATE/RENTAL BOAT,OCEAN (> 3 MI),1634,100,0,.,0,.,1634,0%,0%,0%
FINAL,2017,SEPTEMBER/OCTOBER,VON SIEBOLDS SNAPPER,PRIVATE/RENTAL BOAT,OCEAN (<= 3 MI),1772,100,0,.,0,.,1772,0%,0%,0%
FINAL,2017,NOVEMBER/DECEMBER,VON SIEBOLDS SNAPPER,PRIVATE/RENTAL BOAT,OCEAN (<= 3 MI),149,100,0,.,0,.,149,0%,0%,0%
FINAL,2017,NOVEMBER/DECEMBER,VON SIEBOLDS SNAPPER,PRIVATE/RENTAL BOAT,OCEAN (> 3 MI),149,100,0,.,0,.,149,0%,0%,0%
FINAL,2018,JANUARY/FEBRUARY,VON SIEBOLDS SNAPPER,PRIVATE/RENTAL BOAT,OCEAN (<= 3 MI),365,100.1,1095,.,497,.,0,0%,0%,0%
FINAL,2018,SEPTEMBER/OCTOBER,VON SIEBOLDS SNAPPER,PRIVATE/RENTAL BOAT,OCEAN (> 3 MI),3052,81.2,4491,81.7,2037,81.7,0,0%,0%,0%
FINAL,2018,NOVEMBER/DECEMBER,VON SIEBOLDS SNAPPER,PRIVATE/RENTAL BOAT,OCEAN (<= 3 MI),11117,61.1,21997,61.4,9978,61.4,0,0%,0%,0%
FINAL,2018,NOVEMBER/DECEMBER,VON SIEBOLDS SNAPPER,PRIVATE/RENTAL BOAT,OCEAN (> 3 MI),7337,71.1,14518,72.1,6585,72.1,0,0%,0%,0%
FINAL,2019,MARCH/APRIL,VON SIEBOLDS SNAPPER,PRIVATE/RENTAL BOAT,OCEAN (<= 3 MI),404,100.1,0,.,0,.,404,0%,0%,0%
FINAL,2019,SEPTEMBER/OCTOBER,VON SIEBOLDS SNAPPER,PRIVATE/RENTAL BOAT,OCEAN (<= 3 MI),2495,72.8,6215,.,2819,.,0,0%,0%,0%
FINAL,2019,SEPTEMBER/OCTOBER,VON SIEBOLDS SNAPPER,PRIVATE/RENTAL BOAT,OCEAN (> 3 MI),1495,99.1,0,.,0,.,1495,0%,0%,0%
FINAL,2019,NOVEMBER/DECEMBER,VON SIEBOLDS SNAPPER,PRIVATE/RENTAL BOAT,OCEAN (<= 3 MI),636,100.7,758,.,344,.,0,0%,0%,0%
FINAL,2019,NOVEMBER/DECEMBER,VON SIEBOLDS SNAPPER,PRIVATE/RENTAL BOAT,OCEAN (> 3 MI),7565,99.3,0,.,0,.,7565,0%,0%,0%
FINAL,2020,JANUARY/FEBRUARY,VON SIEBOLDS SNAPPER,PRIVATE/RENTAL BOAT,OCEAN (<= 3 MI),12214,69.7,26659,73.2,12092,73.2,0,0%,0%,0%
FINAL,2020,MARCH/APRIL,VON SIEBOLDS SNAPPER,PRIVATE/RENTAL BOAT,OCEAN (<= 3 MI),156,100.1,0,.,0,.,156,100%,0%,0%
FINAL,2020,JULY/AUGUST,VON SIEBOLDS SNAPPER,PRIVATE/RENTAL BOAT,OCEAN (> 3 MI),515,100.1,771,.,350,.,0,0%,0%,0%
FINAL,2020,SEPTEMBER/OCTOBER,VON SIEBOLDS SNAPPER,PRIVATE/RENTAL BOAT,OCEAN (<= 3 MI),2582,100,0,.,0,.,2582,0%,0%,0%
FINAL,2020,SEPTEMBER/OCTOBER,VON SIEBOLDS SNAPPER,PRIVATE/RENTAL BOAT,OCEAN (> 3 MI),3442,100,0,.,0,.,3442,0%,0%,0%
FINAL,2020,NOVEMBER/DECEMBER,VON SIEBOLDS SNAPPER,PRIVATE/RENTAL BOAT,OCEAN (<= 3 MI),1323,100.2,3471,100.2,1575,100.2,0,0%,0%,0%
FINAL,2021,JANUARY/FEBRUARY,VON SIEBOLDS SNAPPER,PRIVATE/RENTAL BOAT,OCEAN (> 3 MI),5364,71.2,9776,71.2,4434,71.2,0,0%,0%,0%
FINAL,2021,MARCH/APRIL,VON SIEBOLDS SNAPPER,PRIVATE/RENTAL BOAT,OCEAN (> 3 MI),545,98.9,1092,.,496,.,0,0%,0%,0%
FINAL,2021,NOVEMBER/DECEMBER,VON SIEBOLDS SNAPPER,PRIVATE/RENTAL BOAT,OCEAN (<= 3 MI),8122,50.1,10386,.,4711,.,0,0%,0%,0%
PRELIMINARY,2022,JANUARY/FEBRUARY,VON SIEBOLDS SNAPPER,PRIVATE/RENTAL BOAT,OCEAN (<= 3 MI),2653,71.5,0,.,0,.,2653,0%,0%,0%
PRELIMINARY,2022,JANUARY/FEBRUARY,VON SIEBOLDS SNAPPER,PRIVATE/RENTAL BOAT,OCEAN (> 3 MI),10252,64,12430,.,5638,.,0,0%,0%,0%
FINAL,2003,JANUARY/FEBRUARY,PINK SNAPPER,PRIVATE/RENTAL BOAT,OCEAN (<= 3 MI),6573,63.9,19018,72.7,8627,72.7,0,0%,0%,0%
FINAL,2003,MARCH/APRIL,PINK SNAPPER,PRIVATE/RENTAL BOAT,OCEAN (<= 3 MI),2331,99,7708,.,3496,.,0,0%,0%,0%
FINAL,2003,MARCH/APRIL,PINK SNAPPER,PRIVATE/RENTAL BOAT,OCEAN (> 3 MI),1718,100,0,.,0,.,1718,0%,0%,0%
FINAL,2003,SEPTEMBER/OCTOBER,PINK SNAPPER,SHORE,INLAND,19407,100,0,.,0,.,19407,0%,0%,0%
FINAL,2003,SEPTEMBER/OCTOBER,PINK SNAPPER,PRIVATE/RENTAL BOAT,OCEAN (> 3 MI),3182,76.3,0,.,0,.,3182,0%,0%,0%
FINAL,2003,NOVEMBER/DECEMBER,PINK SNAPPER,PRIVATE/RENTAL BOAT,OCEAN (<= 3 MI),11577,58,77417,58.6,35116,58.6,0,0%,0%,0%
FINAL,2004,JANUARY/FEBRUARY,PINK SNAPPER,PRIVATE/RENTAL BOAT,OCEAN (<= 3 MI),2158,56.7,6417,59.3,2911,59.3,0,0%,0%,0%
FINAL,2004,JANUARY/FEBRUARY,PINK SNAPPER,PRIVATE/RENTAL BOAT,OCEAN (> 3 MI),1233,100,3667,100,1663,100,0,0%,0%,0%
FINAL,2004,MARCH/APRIL,PINK SNAPPER,PRIVATE/RENTAL BOAT,OCEAN (> 3 MI),5298,72.3,0,.,0,.,5298,0%,0%,0%
FINAL,2004,MAY/JUNE,PINK SNAPPER,PRIVATE/RENTAL BOAT,OCEAN (<= 3 MI),3537,72.1,22614,72.1,10258,72.1,0,0%,0%,0%
FINAL,2004,JULY/AUGUST,PINK SNAPPER,PRIVATE/RENTAL BOAT,OCEAN (<= 3 MI),38868,78.9,222791,78.9,101058,78.9,0,0%,0%,0%
FINAL,2004,SEPTEMBER/OCTOBER,PINK SNAPPER,PRIVATE/RENTAL BOAT,OCEAN (<= 3 MI),23058,64,150467,64.1,68251,64.1,0,0%,0%,0%
FINAL,2004,NOVEMBER/DECEMBER,PINK SNAPPER,PRIVATE/RENTAL BOAT,OCEAN (<= 3 MI),9756,55.5,74354,56.1,33727,56.1,0,0%,0%,0%
FINAL,2005,JANUARY/FEBRUARY,PINK SNAPPER,PRIVATE/RENTAL BOAT,OCEAN (<= 3 MI),1551,81,8614,82.7,3907,82.7,0,0%,0%,0%
FINAL,2005,JANUARY/FEBRUARY,PINK SNAPPER,PRIVATE/RENTAL BOAT,OCEAN (> 3 MI),12404,49.3,68914,50.6,31259,50.6,0,0%,0%,0%
FINAL,2005,MARCH/APRIL,PINK SNAPPER,PRIVATE/RENTAL BOAT,OCEAN (<= 3 MI),627,99.4,0,.,0,.,627,0%,0%,0%
FINAL,2005,SEPTEMBER/OCTOBER,PINK SNAPPER,PRIVATE/RENTAL BOAT,OCEAN (> 3 MI),5019,100,0,.,0,.,5019,0%,0%,0%
FINAL,2005,NOVEMBER/DECEMBER,PINK SNAPPER,PRIVATE/RENTAL BOAT,OCEAN (<= 3 MI),4646,55.5,29361,55.6,13318,55.6,0,0%,0%,0%
FINAL,2006,JANUARY/FEBRUARY,PINK SNAPPER,PRIVATE/RENTAL BOAT,OCEAN (<= 3 MI),4468,100.1,5172,100.1,2346,100.1,0,0%,0%,0%
FINAL,2006,MARCH/APRIL,PINK SNAPPER,PRIVATE/RENTAL BOAT,OCEAN (> 3 MI),2753,99.2,0,.,0,.,2753,0%,0%,0%
FINAL,2006,MAY/JUNE,PINK SNAPPER,PRIVATE/RENTAL BOAT,OCEAN (<= 3 MI),2861,63.3,10514,66.9,4769,66.9,0,0%,0%,0%
FINAL,2006,JULY/AUGUST,PINK SNAPPER,PRIVATE/RENTAL BOAT,OCEAN (> 3 MI),1963,99.1,15754,.,7146,.,0,0%,0%,0%
FINAL,2006,SEPTEMBER/OCTOBER,PINK SNAPPER,PRIVATE/RENTAL BOAT,OCEAN (<= 3 MI),2148,100.2,12004,100.2,5445,100.2,0,0%,0%,0%
FINAL,2006,SEPTEMBER/OCTOBER,PINK SNAPPER,PRIVATE/RENTAL BOAT,OCEAN (> 3 MI),863,100.1,4825,100.1,2189,100.1,0,0%,0%,0%
FINAL,2006,NOVEMBER/DECEMBER,PINK SNAPPER,PRIVATE/RENTAL BOAT,OCEAN (> 3 MI),12595,98.1,0,.,0,.,12595,0%,0%,0%
FINAL,2007,JANUARY/FEBRUARY,PINK SNAPPER,PRIVATE/RENTAL BOAT,OCEAN (<= 3 MI),8588,64.4,53015,.,24048,.,0,0%,0%,0%
FINAL,2007,JANUARY/FEBRUARY,PINK SNAPPER,PRIVATE/RENTAL BOAT,OCEAN (> 3 MI),2363,81.9,0,.,0,.,2363,0%,0%,0%
FINAL,2007,SEPTEMBER/OCTOBER,PINK SNAPPER,PRIVATE/RENTAL BOAT,OCEAN (<= 3 MI),4703,63.3,27648,63.3,12541,63.3,0,0%,0%,0%
FINAL,2007,SEPTEMBER/OCTOBER,PINK SNAPPER,PRIVATE/RENTAL BOAT,OCEAN (> 3 MI),682,100,4011,100,1819,100,0,0%,0%,0%
FINAL,2007,NOVEMBER/DECEMBER,PINK SNAPPER,PRIVATE/RENTAL BOAT,OCEAN (> 3 MI),509,100,0,.,0,.,509,0%,0%,0%
FINAL,2008,JANUARY/FEBRUARY,PINK SNAPPER,PRIVATE/RENTAL BOAT,OCEAN (<= 3 MI),13621,48.1,79325,48.2,35982,48.2,0,0%,0%,0%
FINAL,2008,JANUARY/FEBRUARY,PINK SNAPPER,PRIVATE/RENTAL BOAT,OCEAN (> 3 MI),2462,99.5,14336,99.6,6503,99.6,0,0%,0%,0%
FINAL,2008,MARCH/APRIL,PINK SNAPPER,PRIVATE/RENTAL BOAT,OCEAN (<= 3 MI),2782,70.6,4907,.,2226,.,0,0%,0%,0%
FINAL,2008,MARCH/APRIL,PINK SNAPPER,PRIVATE/RENTAL BOAT,OCEAN (> 3 MI),2782,100,0,.,0,.,2782,0%,0%,0%
FINAL,2008,NOVEMBER/DECEMBER,PINK SNAPPER,PRIVATE/RENTAL BOAT,OCEAN (<= 3 MI),15539,77.5,85641,.,38847,.,0,0%,0%,0%
FINAL,2008,NOVEMBER/DECEMBER,PINK SNAPPER,PRIVATE/RENTAL BOAT,OCEAN (> 3 MI),5358,83.4,0,.,0,.,5358,0%,0%,0%
FINAL,2009,JANUARY/FEBRUARY,PINK SNAPPER,PRIVATE/RENTAL BOAT,OCEAN (<= 3 MI),350,100,0,.,0,.,350,0%,0%,0%
FINAL,2009,JANUARY/FEBRUARY,PINK SNAPPER,PRIVATE/RENTAL BOAT,OCEAN (> 3 MI),10279,59.9,0,.,0,.,10279,0%,0%,0%
FINAL,2009,MARCH/APRIL,PINK SNAPPER,PRIVATE/RENTAL BOAT,OCEAN (> 3 MI),1178,54.6,0,.,0,.,1178,0%,0%,0%
FINAL,2009,SEPTEMBER/OCTOBER,PINK SNAPPER,PRIVATE/RENTAL BOAT,OCEAN (<= 3 MI),6711,45.1,100900,.,45768,.,0,0%,0%,0%
FINAL,2009,NOVEMBER/DECEMBER,PINK SNAPPER,SHORE,OCEAN (<= 3 MI),4270,100,0,.,0,.,4270,0%,0%,0%
FINAL,2009,NOVEMBER/DECEMBER,PINK SNAPPER,PRIVATE/RENTAL BOAT,OCEAN (<= 3 MI),11192,46,0,.,0,.,11192,0%,0%,0%
FINAL,2009,NOVEMBER/DECEMBER,PINK SNAPPER,PRIVATE/RENTAL BOAT,OCEAN (> 3 MI),484,74.2,0,.,0,.,484,0%,0%,0%
FINAL,2010,JANUARY/FEBRUARY,PINK SNAPPER,PRIVATE/RENTAL BOAT,OCEAN (<= 3 MI),14724,75.3,73467,86.8,33324,86.8,0,0%,0%,0%
FINAL,2010,JANUARY/FEBRUARY,PINK SNAPPER,PRIVATE/RENTAL BOAT,OCEAN (> 3 MI),23036,71.9,115079,75.5,52199,75.5,0,0%,0%,0%
FINAL,2010,MARCH/APRIL,PINK SNAPPER,PRIVATE/RENTAL BOAT,OCEAN (<= 3 MI),10580,74.1,18660,74.1,8464,74.1,0,0%,0%,0%
FINAL,2010,SEPTEMBER/OCTOBER,PINK SNAPPER,PRIVATE/RENTAL BOAT,OCEAN (<= 3 MI),20187,66,65644,67,29776,67,0,0%,0%,0%
FINAL,2010,SEPTEMBER/OCTOBER,PINK SNAPPER,PRIVATE/RENTAL BOAT,OCEAN (> 3 MI),824,100,2490,100,1129,100,0,0%,0%,0%
FINAL,2010,NOVEMBER/DECEMBER,PINK SNAPPER,PRIVATE/RENTAL BOAT,OCEAN (<= 3 MI),38248,60.3,121086,63.6,54924,63.6,0,0%,0%,0%
FINAL,2010,NOVEMBER/DECEMBER,PINK SNAPPER,PRIVATE/RENTAL BOAT,OCEAN (> 3 MI),7404,71.7,23441,82,10633,82,0,0%,0%,0%
FINAL,2011,JANUARY/FEBRUARY,PINK SNAPPER,PRIVATE/RENTAL BOAT,OCEAN (<= 3 MI),2119,59.3,7382,78.9,3348,78.9,0,0%,0%,0%
FINAL,2011,JANUARY/FEBRUARY,PINK SNAPPER,PRIVATE/RENTAL BOAT,OCEAN (> 3 MI),5288,92.7,18419,98.8,8355,98.8,0,0%,0%,0%
FINAL,2011,MARCH/APRIL,PINK SNAPPER,PRIVATE/RENTAL BOAT,OCEAN (> 3 MI),1383,100,0,.,0,.,1383,0%,0%,0%
FINAL,2011,SEPTEMBER/OCTOBER,PINK SNAPPER,PRIVATE/RENTAL BOAT,OCEAN (<= 3 MI),11665,46.5,62364,47,28288,47,0,0%,0%,0%
FINAL,2011,NOVEMBER/DECEMBER,PINK SNAPPER,PRIVATE/RENTAL BOAT,OCEAN (> 3 MI),4924,100,0,.,0,.,4924,0%,0%,0%
FINAL,2012,JANUARY/FEBRUARY,PINK SNAPPER,PRIVATE/RENTAL BOAT,OCEAN (<= 3 MI),11487,57.7,72806,57.8,33025,57.8,0,0%,0%,0%
FINAL,2012,JANUARY/FEBRUARY,PINK SNAPPER,PRIVATE/RENTAL BOAT,OCEAN (> 3 MI),8000,85.6,50708,85.7,23001,85.7,0,0%,0%,0%
FINAL,2012,MARCH/APRIL,PINK SNAPPER,PRIVATE/RENTAL BOAT,OCEAN (<= 3 MI),233,100.2,1794,.,814,.,0,0%,0%,0%
FINAL,2012,MAY/JUNE,PINK SNAPPER,PRIVATE/RENTAL BOAT,OCEAN (<= 3 MI),2904,70.9,17929,.,8133,.,0,0%,0%,0%
FINAL,2012,JULY/AUGUST,PINK SNAPPER,PRIVATE/RENTAL BOAT,OCEAN (<= 3 MI),2134,92.8,12233,.,5549,.,0,0%,0%,0%
FINAL,2012,JULY/AUGUST,PINK SNAPPER,PRIVATE/RENTAL BOAT,OCEAN (> 3 MI),173,100.1,0,.,0,.,173,0%,0%,0%
FINAL,2012,SEPTEMBER/OCTOBER,PINK SNAPPER,PRIVATE/RENTAL BOAT,OCEAN (<= 3 MI),5248,66.7,32396,67,14695,66.9,0,0%,0%,0%
FINAL,2012,SEPTEMBER/OCTOBER,PINK SNAPPER,PRIVATE/RENTAL BOAT,OCEAN (> 3 MI),561,81.8,3462,82,1570,82,0,0%,0%,0%
FINAL,2012,NOVEMBER/DECEMBER,PINK SNAPPER,PRIVATE/RENTAL BOAT,OCEAN (<= 3 MI),8930,75.6,58865,75.7,26701,75.7,0,0%,0%,0%
FINAL,2012,NOVEMBER/DECEMBER,PINK SNAPPER,PRIVATE/RENTAL BOAT,OCEAN (> 3 MI),7031,48.6,26971,54.2,12234,54.2,0,0%,0%,0%
FINAL,2013,JANUARY/FEBRUARY,PINK SNAPPER,PRIVATE/RENTAL BOAT,OCEAN (<= 3 MI),6395,96.7,40038,.,18161,.,0,0%,0%,0%
FINAL,2013,JANUARY/FEBRUARY,PINK SNAPPER,PRIVATE/RENTAL BOAT,OCEAN (> 3 MI),458,100,0,.,0,.,458,0%,0%,0%
FINAL,2013,MARCH/APRIL,PINK SNAPPER,PRIVATE/RENTAL BOAT,OCEAN (<= 3 MI),4909,49.4,20094,52.2,9114,52.2,0,0%,0%,0%
FINAL,2013,MARCH/APRIL,PINK SNAPPER,PRIVATE/RENTAL BOAT,OCEAN (> 3 MI),1395,88.7,5710,92.6,2590,92.6,0,0%,0%,0%
FINAL,2013,MAY/JUNE,PINK SNAPPER,PRIVATE/RENTAL BOAT,OCEAN (> 3 MI),463,73.4,0,.,0,.,463,0%,0%,0%
FINAL,2013,JULY/AUGUST,PINK SNAPPER,PRIVATE/RENTAL BOAT,OCEAN (<= 3 MI),11011,57.3,20816,57.5,9442,57.5,0,0%,0%,0%
FINAL,2013,JULY/AUGUST,PINK SNAPPER,PRIVATE/RENTAL BOAT,OCEAN (> 3 MI),4354,55.1,7643,55.2,3467,55.2,0,0%,0%,0%
FINAL,2013,SEPTEMBER/OCTOBER,PINK SNAPPER,PRIVATE/RENTAL BOAT,OCEAN (<= 3 MI),5779,72.9,34715,73.2,15746,73.2,0,0%,0%,0%
FINAL,2013,SEPTEMBER/OCTOBER,PINK SNAPPER,PRIVATE/RENTAL BOAT,OCEAN (> 3 MI),1850,71.1,10195,76.3,4624,76.3,0,0%,0%,0%
FINAL,2013,NOVEMBER/DECEMBER,PINK SNAPPER,PRIVATE/RENTAL BOAT,OCEAN (<= 3 MI),3471,67.8,19893,.,9023,.,0,0%,0%,0%
FINAL,2013,NOVEMBER/DECEMBER,PINK SNAPPER,PRIVATE/RENTAL BOAT,OCEAN (> 3 MI),5036,56.8,0,.,0,.,5036,0%,0%,0%
FINAL,2014,JANUARY/FEBRUARY,PINK SNAPPER,PRIVATE/RENTAL BOAT,OCEAN (<= 3 MI),10299,54.2,53964,57,24478,57,0,0%,0%,0%
FINAL,2014,JANUARY/FEBRUARY,PINK SNAPPER,PRIVATE/RENTAL BOAT,OCEAN (> 3 MI),11298,79.7,59197,85.5,26851,85.5,0,0%,0%,0%
FINAL,2014,MARCH/APRIL,PINK SNAPPER,PRIVATE/RENTAL BOAT,OCEAN (<= 3 MI),7499,72.5,0,.,0,.,7499,0%,0%,0%
FINAL,2014,MARCH/APRIL,PINK SNAPPER,PRIVATE/RENTAL BOAT,OCEAN (> 3 MI),1781,99.3,0,.,0,.,1781,0%,0%,0%
FINAL,2014,MAY/JUNE,PINK SNAPPER,PRIVATE/RENTAL BOAT,OCEAN (<= 3 MI),1236,100,0,.,0,.,1236,0%,0%,0%
FINAL,2014,MAY/JUNE,PINK SNAPPER,PRIVATE/RENTAL BOAT,OCEAN (> 3 MI),1014,83.3,6710,.,3043,.,0,0%,0%,0%
FINAL,2014,SEPTEMBER/OCTOBER,PINK SNAPPER,PRIVATE/RENTAL BOAT,OCEAN (<= 3 MI),484,99.4,0,.,0,.,484,0%,0%,0%
FINAL,2014,SEPTEMBER/OCTOBER,PINK SNAPPER,PRIVATE/RENTAL BOAT,OCEAN (> 3 MI),4648,93.3,6455,.,2928,.,0,0%,0%,0%
FINAL,2014,NOVEMBER/DECEMBER,PINK SNAPPER,PRIVATE/RENTAL BOAT,OCEAN (<= 3 MI),3073,68.6,0,.,0,.,3073,0%,0%,0%
FINAL,2015,JANUARY/FEBRUARY,PINK SNAPPER,PRIVATE/RENTAL BOAT,OCEAN (<= 3 MI),1268,78.2,6347,.,2879,.,0,0%,0%,0%
FINAL,2015,MAY/JUNE,PINK SNAPPER,PRIVATE/RENTAL BOAT,OCEAN (<= 3 MI),4619,54.9,9165,.,4157,.,0,0%,0%,0%
FINAL,2015,MAY/JUNE,PINK SNAPPER,PRIVATE/RENTAL BOAT,OCEAN (> 3 MI),516,76.6,0,.,0,.,516,0%,0%,0%
FINAL,2015,JULY/AUGUST,PINK SNAPPER,PRIVATE/RENTAL BOAT,OCEAN (> 3 MI),2641,75.9,0,.,0,.,2641,0%,0%,0%
FINAL,2015,SEPTEMBER/OCTOBER,PINK SNAPPER,PRIVATE/RENTAL BOAT,OCEAN (<= 3 MI),8256,74.9,0,.,0,.,8256,0%,0%,0%
FINAL,2015,SEPTEMBER/OCTOBER,PINK SNAPPER,PRIVATE/RENTAL BOAT,OCEAN (> 3 MI),1753,99.6,0,.,0,.,1753,0%,0%,0%
FINAL,2015,NOVEMBER/DECEMBER,PINK SNAPPER,PRIVATE/RENTAL BOAT,OCEAN (<= 3 MI),3026,57.9,11307,66.8,5129,66.8,0,0%,0%,0%
FINAL,2015,NOVEMBER/DECEMBER,PINK SNAPPER,PRIVATE/RENTAL BOAT,OCEAN (> 3 MI),844,99.5,3154,99.6,1431,99.6,0,0%,0%,0%
FINAL,2016,JANUARY/FEBRUARY,PINK SNAPPER,PRIVATE/RENTAL BOAT,OCEAN (<= 3 MI),2414,73.4,0,.,0,.,2414,0%,0%,0%
FINAL,2016,JANUARY/FEBRUARY,PINK SNAPPER,PRIVATE/RENTAL BOAT,OCEAN (> 3 MI),609,73.3,0,.,0,.,609,0%,0%,0%
FINAL,2016,MARCH/APRIL,PINK SNAPPER,PRIVATE/RENTAL BOAT,OCEAN (<= 3 MI),1054,64.4,7004,65.6,3177,65.6,0,0%,0%,0%
FINAL,2016,MARCH/APRIL,PINK SNAPPER,PRIVATE/RENTAL BOAT,OCEAN (> 3 MI),311,81.8,2244,81.9,1018,81.9,0,0%,0%,0%
FINAL,2016,MAY/JUNE,PINK SNAPPER,PRIVATE/RENTAL BOAT,OCEAN (<= 3 MI),906,90.1,0,.,0,.,906,0%,0%,0%
FINAL,2016,SEPTEMBER/OCTOBER,PINK SNAPPER,PRIVATE/RENTAL BOAT,OCEAN (<= 3 MI),1724,88.6,0,.,0,.,1724,0%,0%,0%
FINAL,2016,SEPTEMBER/OCTOBER,PINK SNAPPER,PRIVATE/RENTAL BOAT,OCEAN (> 3 MI),365,78.4,0,.,0,.,365,0%,0%,0%
FINAL,2016,NOVEMBER/DECEMBER,PINK SNAPPER,PRIVATE/RENTAL BOAT,OCEAN (<= 3 MI),4998,84.2,17520,.,7947,.,0,0%,0%,0%
FINAL,2016,NOVEMBER/DECEMBER,PINK SNAPPER,PRIVATE/RENTAL BOAT,OCEAN (> 3 MI),4700,93.7,0,.,0,.,4700,0%,0%,0%
FINAL,2017,JANUARY/FEBRUARY,PINK SNAPPER,PRIVATE/RENTAL BOAT,OCEAN (<= 3 MI),385,100.2,1472,100.1,668,100.1,0,0%,0%,0%
FINAL,2017,JANUARY/FEBRUARY,PINK SNAPPER,PRIVATE/RENTAL BOAT,OCEAN (> 3 MI),2026,87.1,7392,87.4,3353,87.4,0,0%,0%,0%
FINAL,2017,MAY/JUNE,PINK SNAPPER,PRIVATE/RENTAL BOAT,OCEAN (<= 3 MI),980,100,0,.,0,.,980,0%,0%,0%
FINAL,2017,MAY/JUNE,PINK SNAPPER,PRIVATE/RENTAL BOAT,OCEAN (> 3 MI),980,100,0,.,0,.,980,0%,0%,0%
FINAL,2017,SEPTEMBER/OCTOBER,PINK SNAPPER,PRIVATE/RENTAL BOAT,OCEAN (<= 3 MI),1772,100,13616,100,6176,100,0,0%,0%,0%
FINAL,2017,SEPTEMBER/OCTOBER,PINK SNAPPER,PRIVATE/RENTAL BOAT,OCEAN (> 3 MI),3038,74.6,23341,74.8,10588,74.8,0,0%,0%,0%
FINAL,2017,NOVEMBER/DECEMBER,PINK SNAPPER,PRIVATE/RENTAL BOAT,OCEAN (<= 3 MI),409,100.4,0,.,0,.,409,0%,0%,0%
FINAL,2017,NOVEMBER/DECEMBER,PINK SNAPPER,PRIVATE/RENTAL BOAT,OCEAN (> 3 MI),149,100,0,.,0,.,149,0%,0%,0%
FINAL,2018,JANUARY/FEBRUARY,PINK SNAPPER,PRIVATE/RENTAL BOAT,OCEAN (<= 3 MI),8037,99.2,0,.,0,.,8037,0%,0%,0%
FINAL,2018,JANUARY/FEBRUARY,PINK SNAPPER,PRIVATE/RENTAL BOAT,OCEAN (> 3 MI),5069,80.2,50177,.,22760,.,0,0%,0%,0%
FINAL,2018,MARCH/APRIL,PINK SNAPPER,PRIVATE/RENTAL BOAT,OCEAN (<= 3 MI),9711,94.9,64228,.,29133,.,0,0%,0%,0%
FINAL,2018,SEPTEMBER/OCTOBER,PINK SNAPPER,PRIVATE/RENTAL BOAT,OCEAN (<= 3 MI),9919,54.5,50659,66.4,22979,66.4,0,0%,0%,0%
FINAL,2018,SEPTEMBER/OCTOBER,PINK SNAPPER,PRIVATE/RENTAL BOAT,OCEAN (> 3 MI),1144,100.1,5845,100.1,2651,100.1,0,0%,0%,0%
FINAL,2018,NOVEMBER/DECEMBER,PINK SNAPPER,PRIVATE/RENTAL BOAT,OCEAN (<= 3 MI),17368,61.9,72367,64.9,32825,64.9,0,0%,0%,0%
FINAL,2018,NOVEMBER/DECEMBER,PINK SNAPPER,PRIVATE/RENTAL BOAT,OCEAN (> 3 MI),4891,100.1,21352,100.1,9685,100.1,0,0%,0%,0%
FINAL,2019,JANUARY/FEBRUARY,PINK SNAPPER,PRIVATE/RENTAL BOAT,OCEAN (<= 3 MI),4533,77.7,19363,79.5,8783,79.5,0,0%,0%,0%
FINAL,2019,MARCH/APRIL,PINK SNAPPER,PRIVATE/RENTAL BOAT,OCEAN (<= 3 MI),3034,100,0,.,0,.,3034,0%,0%,0%
FINAL,2019,MARCH/APRIL,PINK SNAPPER,PRIVATE/RENTAL BOAT,OCEAN (> 3 MI),3386,100.2,0,.,0,.,3386,0%,0%,0%
FINAL,2019,MAY/JUNE,PINK SNAPPER,PRIVATE/RENTAL BOAT,OCEAN (> 3 MI),1075,99.8,0,.,0,.,1075,0%,0%,0%
FINAL,2019,SEPTEMBER/OCTOBER,PINK SNAPPER,PRIVATE/RENTAL BOAT,OCEAN (<= 3 MI),713,100.3,1242,100.3,563,100.3,0,0%,0%,0%
FINAL,2019,SEPTEMBER/OCTOBER,PINK SNAPPER,PRIVATE/RENTAL BOAT,OCEAN (> 3 MI),2616,99.1,4557,99.2,2067,99.2,0,0%,0%,0%
FINAL,2019,NOVEMBER/DECEMBER,PINK SNAPPER,PRIVATE/RENTAL BOAT,OCEAN (<= 3 MI),5092,73.9,15547,75.1,7052,75.1,0,0%,0%,0%
FINAL,2019,NOVEMBER/DECEMBER,PINK SNAPPER,PRIVATE/RENTAL BOAT,OCEAN (> 3 MI),42367,89.9,129361,89.9,58678,89.9,0,0%,0%,0%
FINAL,2020,JANUARY/FEBRUARY,PINK SNAPPER,PRIVATE/RENTAL BOAT,OCEAN (<= 3 MI),7374,59.9,71857,61.2,32594,61.2,0,0%,0%,0%
FINAL,2020,MARCH/APRIL,PINK SNAPPER,PRIVATE/RENTAL BOAT,OCEAN (<= 3 MI),4211,75.7,27848,.,12632,.,0,100%,100%,100%
FINAL,2020,MARCH/APRIL,PINK SNAPPER,PRIVATE/RENTAL BOAT,OCEAN (> 3 MI),1254,100.1,0,.,0,.,1254,100%,0%,0%
FINAL,2020,MAY/JUNE,PINK SNAPPER,PRIVATE/RENTAL BOAT,OCEAN (> 3 MI),938,99.8,0,.,0,.,938,100%,0%,0%
FINAL,2020,SEPTEMBER/OCTOBER,PINK SNAPPER,PRIVATE/RENTAL BOAT,OCEAN (<= 3 MI),1878,73.5,12689,76,5756,76,0,0%,0%,0%
FINAL,2020,SEPTEMBER/OCTOBER,PINK SNAPPER,PRIVATE/RENTAL BOAT,OCEAN (> 3 MI),831,99.6,5610,99.7,2545,99.7,0,0%,0%,0%
FINAL,2021,JANUARY/FEBRUARY,PINK SNAPPER,PRIVATE/RENTAL BOAT,OCEAN (<= 3 MI),1290,100.1,8202,100.1,3720,100.1,0,0%,0%,0%
FINAL,2021,JANUARY/FEBRUARY,PINK SNAPPER,PRIVATE/RENTAL BOAT,OCEAN (> 3 MI),531,100.1,3379,100.1,1533,100.1,0,0%,0%,0%
FINAL,2021,MARCH/APRIL,PINK SNAPPER,PRIVATE/RENTAL BOAT,OCEAN (<= 3 MI),3558,74,0,.,0,.,3558,0%,0%,0%
FINAL,2021,JULY/AUGUST,PINK SNAPPER,PRIVATE/RENTAL BOAT,OCEAN (<= 3 MI),457,100.1,574,.,260,.,0,0%,0%,0%
FINAL,2021,NOVEMBER/DECEMBER,PINK SNAPPER,PRIVATE/RENTAL BOAT,OCEAN (<= 3 MI),8455,59.7,0,.,0,.,8455,0%,0%,0%
PRELIMINARY,2022,JANUARY/FEBRUARY,PINK SNAPPER,PRIVATE/RENTAL BOAT,OCEAN (> 3 MI),1353,71.5,4386,77,1990,77,0,0%,0%,0%
FINAL,2004,JANUARY/FEBRUARY,RUBY SNAPPER,PRIVATE/RENTAL BOAT,OCEAN (<= 3 MI),1233,51.6,3943,55.3,1788,55.3,0,0%,0%,0%
FINAL,2004,JANUARY/FEBRUARY,RUBY SNAPPER,PRIVATE/RENTAL BOAT,OCEAN (> 3 MI),8880,86.6,55595,86.6,25218,86.6,0,0%,0%,0%
FINAL,2004,NOVEMBER/DECEMBER,RUBY SNAPPER,PRIVATE/RENTAL BOAT,OCEAN (<= 3 MI),2439,99.1,13980,.,6341,.,0,0%,0%,0%
FINAL,2005,JANUARY/FEBRUARY,RUBY SNAPPER,PRIVATE/RENTAL BOAT,OCEAN (<= 3 MI),775,98.8,4184,98.9,1898,98.9,0,0%,0%,0%
FINAL,2005,JANUARY/FEBRUARY,RUBY SNAPPER,PRIVATE/RENTAL BOAT,OCEAN (> 3 MI),3489,59.9,20074,60.3,9106,60.3,0,0%,0%,0%
FINAL,2005,JULY/AUGUST,RUBY SNAPPER,PRIVATE/RENTAL BOAT,OCEAN (> 3 MI),526,100,0,.,0,.,526,0%,0%,0%
FINAL,2005,SEPTEMBER/OCTOBER,RUBY SNAPPER,PRIVATE/RENTAL BOAT,OCEAN (> 3 MI),669,100,0,.,0,.,669,0%,0%,0%
FINAL,2005,NOVEMBER/DECEMBER,RUBY SNAPPER,PRIVATE/RENTAL BOAT,OCEAN (<= 3 MI),2348,100,0,.,0,.,2348,0%,0%,0%
FINAL,2005,NOVEMBER/DECEMBER,RUBY SNAPPER,PRIVATE/RENTAL BOAT,OCEAN (> 3 MI),1736,100.1,0,.,0,.,1736,0%,0%,0%
FINAL,2006,JANUARY/FEBRUARY,RUBY SNAPPER,PRIVATE/RENTAL BOAT,OCEAN (<= 3 MI),5586,100,0,.,0,.,5586,0%,0%,0%
FINAL,2006,MARCH/APRIL,RUBY SNAPPER,PRIVATE/RENTAL BOAT,OCEAN (> 3 MI),1836,100,0,.,0,.,1836,0%,0%,0%
FINAL,2006,MAY/JUNE,RUBY SNAPPER,PRIVATE/RENTAL BOAT,OCEAN (> 3 MI),291,100,0,.,0,.,291,0%,0%,0%
FINAL,2006,JULY/AUGUST,RUBY SNAPPER,PRIVATE/RENTAL BOAT,OCEAN (> 3 MI),1178,100,0,.,0,.,1178,0%,0%,0%
FINAL,2006,SEPTEMBER/OCTOBER,RUBY SNAPPER,PRIVATE/RENTAL BOAT,OCEAN (<= 3 MI),3437,72.4,23866,82.9,10826,82.9,0,0%,0%,0%
FINAL,2006,SEPTEMBER/OCTOBER,RUBY SNAPPER,PRIVATE/RENTAL BOAT,OCEAN (> 3 MI),869,100,6038,100,2739,100,0,0%,0%,0%
FINAL,2007,SEPTEMBER/OCTOBER,RUBY SNAPPER,PRIVATE/RENTAL BOAT,OCEAN (> 3 MI),3411,78.4,0,.,0,.,3411,0%,0%,0%
FINAL,2007,NOVEMBER/DECEMBER,RUBY SNAPPER,PRIVATE/RENTAL BOAT,OCEAN (<= 3 MI),729,100.6,12036,100.4,5460,100.4,0,0%,0%,0%
FINAL,2007,NOVEMBER/DECEMBER,RUBY SNAPPER,PRIVATE/RENTAL BOAT,OCEAN (> 3 MI),3560,62.6,58762,102,26654,102,0,0%,0%,0%
FINAL,2008,JANUARY/FEBRUARY,RUBY SNAPPER,PRIVATE/RENTAL BOAT,OCEAN (<= 3 MI),1149,87.8,1937,87.9,879,87.9,0,0%,0%,0%
FINAL,2008,JANUARY/FEBRUARY,RUBY SNAPPER,PRIVATE/RENTAL BOAT,OCEAN (> 3 MI),821,100,1384,100,628,100,0,0%,0%,0%
FINAL,2008,NOVEMBER/DECEMBER,RUBY SNAPPER,PRIVATE/RENTAL BOAT,OCEAN (<= 3 MI),5358,100,0,.,0,.,5358,0%,0%,0%
FINAL,2008,NOVEMBER/DECEMBER,RUBY SNAPPER,PRIVATE/RENTAL BOAT,OCEAN (> 3 MI),4822,72.8,0,.,0,.,4822,0%,0%,0%
FINAL,2009,JANUARY/FEBRUARY,RUBY SNAPPER,PRIVATE/RENTAL BOAT,OCEAN (> 3 MI),348,99.5,0,.,0,.,348,0%,0%,0%
FINAL,2009,MARCH/APRIL,RUBY SNAPPER,PRIVATE/RENTAL BOAT,OCEAN (> 3 MI),1472,63.3,0,.,0,.,1472,0%,0%,0%
FINAL,2009,MAY/JUNE,RUBY SNAPPER,PRIVATE/RENTAL BOAT,OCEAN (<= 3 MI),2786,100.2,0,.,0,.,2786,0%,0%,0%
FINAL,2009,SEPTEMBER/OCTOBER,RUBY SNAPPER,PRIVATE/RENTAL BOAT,OCEAN (> 3 MI),1064,100,0,.,0,.,1064,0%,0%,0%
FINAL,2009,NOVEMBER/DECEMBER,RUBY SNAPPER,PRIVATE/RENTAL BOAT,OCEAN (> 3 MI),7904,54.7,21694,55.2,9840,55.2,0,0%,0%,0%
FINAL,2010,JANUARY/FEBRUARY,RUBY SNAPPER,PRIVATE/RENTAL BOAT,OCEAN (> 3 MI),39789,69.7,0,.,0,.,39789,0%,0%,0%
FINAL,2010,MARCH/APRIL,RUBY SNAPPER,PRIVATE/RENTAL BOAT,OCEAN (<= 3 MI),2565,80.4,0,.,0,.,2565,0%,0%,0%
FINAL,2010,SEPTEMBER/OCTOBER,RUBY SNAPPER,PRIVATE/RENTAL BOAT,OCEAN (> 3 MI),412,100,1236,.,561,.,0,0%,0%,0%
FINAL,2010,NOVEMBER/DECEMBER,RUBY SNAPPER,PRIVATE/RENTAL BOAT,OCEAN (> 3 MI),6927,63,20666,64.9,9374,64.9,0,0%,0%,0%
FINAL,2011,JANUARY/FEBRUARY,RUBY SNAPPER,PRIVATE/RENTAL BOAT,OCEAN (<= 3 MI),392,97.8,0,.,0,.,392,0%,0%,0%
FINAL,2011,JANUARY/FEBRUARY,RUBY SNAPPER,PRIVATE/RENTAL BOAT,OCEAN (> 3 MI),4196,54.9,27936,.,12672,.,0,0%,0%,0%
FINAL,2011,SEPTEMBER/OCTOBER,RUBY SNAPPER,PRIVATE/RENTAL BOAT,OCEAN (<= 3 MI),2433,58.1,9401,61.3,4264,61.3,0,0%,0%,0%
FINAL,2012,JANUARY/FEBRUARY,RUBY SNAPPER,PRIVATE/RENTAL BOAT,OCEAN (<= 3 MI),2657,74.5,5858,.,2657,.,0,0%,0%,0%
FINAL,2012,JANUARY/FEBRUARY,RUBY SNAPPER,PRIVATE/RENTAL BOAT,OCEAN (> 3 MI),6000,59.2,0,.,0,.,6000,0%,0%,0%
FINAL,2012,MARCH/APRIL,RUBY SNAPPER,PRIVATE/RENTAL BOAT,OCEAN (> 3 MI),1176,72.2,0,.,0,.,1176,0%,0%,0%
FINAL,2012,JULY/AUGUST,RUBY SNAPPER,PRIVATE/RENTAL BOAT,OCEAN (> 3 MI),3641,72.2,0,.,0,.,3641,0%,0%,0%
FINAL,2012,SEPTEMBER/OCTOBER,RUBY SNAPPER,PRIVATE/RENTAL BOAT,OCEAN (<= 3 MI),1922,90.1,8050,92.4,3651,92.4,0,0%,0%,0%
FINAL,2012,SEPTEMBER/OCTOBER,RUBY SNAPPER,PRIVATE/RENTAL BOAT,OCEAN (> 3 MI),1564,66.3,7243,74.7,3285,74.7,0,0%,0%,0%
FINAL,2012,NOVEMBER/DECEMBER,RUBY SNAPPER,PRIVATE/RENTAL BOAT,OCEAN (<= 3 MI),1978,91,9788,92.9,4440,92.9,0,0%,0%,0%
FINAL,2012,NOVEMBER/DECEMBER,RUBY SNAPPER,PRIVATE/RENTAL BOAT,OCEAN (> 3 MI),3078,59.6,15233,62.3,6910,62.3,0,0%,0%,0%
FINAL,2013,JANUARY/FEBRUARY,RUBY SNAPPER,PRIVATE/RENTAL BOAT,OCEAN (<= 3 MI),1128,83.3,2487,.,1128,.,0,0%,0%,0%
FINAL,2013,JANUARY/FEBRUARY,RUBY SNAPPER,PRIVATE/RENTAL BOAT,OCEAN (> 3 MI),1603,100,0,.,0,.,1603,0%,0%,0%
FINAL,2013,MARCH/APRIL,RUBY SNAPPER,PRIVATE/RENTAL BOAT,OCEAN (<= 3 MI),2296,88,0,.,0,.,2296,0%,0%,0%
FINAL,2013,MARCH/APRIL,RUBY SNAPPER,PRIVATE/RENTAL BOAT,OCEAN (> 3 MI),328,73.5,0,.,0,.,328,0%,0%,0%
FINAL,2013,MAY/JUNE,RUBY SNAPPER,PRIVATE/RENTAL BOAT,OCEAN (> 3 MI),611,77.7,0,.,0,.,611,0%,0%,0%
FINAL,2013,JULY/AUGUST,RUBY SNAPPER,PRIVATE/RENTAL BOAT,OCEAN (<= 3 MI),1852,75.8,4695,80.8,2130,80.8,0,0%,0%,0%
FINAL,2013,JULY/AUGUST,RUBY SNAPPER,PRIVATE/RENTAL BOAT,OCEAN (> 3 MI),5957,56.6,15104,61.9,6851,61.9,0,0%,0%,0%
FINAL,2013,SEPTEMBER/OCTOBER,RUBY SNAPPER,PRIVATE/RENTAL BOAT,OCEAN (<= 3 MI),1829,68,5433,68.2,2464,68.2,0,0%,0%,0%
FINAL,2013,SEPTEMBER/OCTOBER,RUBY SNAPPER,PRIVATE/RENTAL BOAT,OCEAN (> 3 MI),8894,47.5,11275,48,5114,48,0,0%,0%,0%
FINAL,2013,NOVEMBER/DECEMBER,RUBY SNAPPER,PRIVATE/RENTAL BOAT,OCEAN (<= 3 MI),910,74.7,3080,75,1397,75,0,0%,0%,0%
FINAL,2013,NOVEMBER/DECEMBER,RUBY SNAPPER,PRIVATE/RENTAL BOAT,OCEAN (> 3 MI),4740,49.8,16049,54.5,7280,54.5,0,0%,0%,0%
FINAL,2014,JANUARY/FEBRUARY,RUBY SNAPPER,PRIVATE/RENTAL BOAT,OCEAN (<= 3 MI),2042,71.9,5807,72.6,2634,72.6,0,0%,0%,0%
FINAL,2014,JANUARY/FEBRUARY,RUBY SNAPPER,PRIVATE/RENTAL BOAT,OCEAN (> 3 MI),4934,74.8,14032,76,6365,76,0,0%,0%,0%
FINAL,2014,MARCH/APRIL,RUBY SNAPPER,PRIVATE/RENTAL BOAT,OCEAN (> 3 MI),891,99.3,0,.,0,.,891,0%,0%,0%
FINAL,2014,MAY/JUNE,RUBY SNAPPER,PRIVATE/RENTAL BOAT,OCEAN (<= 3 MI),618,100,0,.,0,.,618,0%,0%,0%
FINAL,2014,MAY/JUNE,RUBY SNAPPER,PRIVATE/RENTAL BOAT,OCEAN (> 3 MI),1632,89.1,10796,.,4897,.,0,0%,0%,0%
FINAL,2014,JULY/AUGUST,RUBY SNAPPER,PRIVATE/RENTAL BOAT,OCEAN (> 3 MI),1001,60.8,0,.,0,.,1001,0%,0%,0%
FINAL,2014,SEPTEMBER/OCTOBER,RUBY SNAPPER,PRIVATE/RENTAL BOAT,OCEAN (> 3 MI),4672,56.9,11640,.,5280,.,0,0%,0%,0%
FINAL,2014,NOVEMBER/DECEMBER,RUBY SNAPPER,PRIVATE/RENTAL BOAT,OCEAN (<= 3 MI),1152,99.3,0,.,0,.,1152,0%,0%,0%
FINAL,2014,NOVEMBER/DECEMBER,RUBY SNAPPER,PRIVATE/RENTAL BOAT,OCEAN (> 3 MI),15997,66.1,27508,.,12477,.,0,0%,0%,0%
FINAL,2015,JANUARY/FEBRUARY,RUBY SNAPPER,PRIVATE/RENTAL BOAT,OCEAN (<= 3 MI),780,60.7,2833,71.1,1285,71.1,0,0%,0%,0%
FINAL,2015,JANUARY/FEBRUARY,RUBY SNAPPER,PRIVATE/RENTAL BOAT,OCEAN (> 3 MI),471,100.1,2082,100.1,944,100.1,0,0%,0%,0%
FINAL,2015,MAY/JUNE,RUBY SNAPPER,PRIVATE/RENTAL BOAT,OCEAN (> 3 MI),5016,53.3,0,.,0,.,5016,0%,0%,0%
FINAL,2015,SEPTEMBER/OCTOBER,RUBY SNAPPER,PRIVATE/RENTAL BOAT,OCEAN (<= 3 MI),1864,100,0,.,0,.,1864,0%,0%,0%
FINAL,2015,SEPTEMBER/OCTOBER,RUBY SNAPPER,PRIVATE/RENTAL BOAT,OCEAN (> 3 MI),501,99.6,0,.,0,.,501,0%,0%,0%
FINAL,2015,NOVEMBER/DECEMBER,RUBY SNAPPER,PRIVATE/RENTAL BOAT,OCEAN (<= 3 MI),546,81.1,1040,81.3,472,81.3,0,0%,0%,0%
FINAL,2016,JANUARY/FEBRUARY,RUBY SNAPPER,PRIVATE/RENTAL BOAT,OCEAN (<= 3 MI),701,65,0,.,0,.,701,0%,0%,0%
FINAL,2016,JANUARY/FEBRUARY,RUBY SNAPPER,PRIVATE/RENTAL BOAT,OCEAN (> 3 MI),906,62.6,0,.,0,.,906,0%,0%,0%
FINAL,2016,MARCH/APRIL,RUBY SNAPPER,PRIVATE/RENTAL BOAT,OCEAN (<= 3 MI),182,100.2,372,100.2,169,100.2,0,0%,0%,0%
FINAL,2016,MARCH/APRIL,RUBY SNAPPER,PRIVATE/RENTAL BOAT,OCEAN (> 3 MI),415,100.1,849,100.1,385,100.1,0,0%,0%,0%
FINAL,2016,MAY/JUNE,RUBY SNAPPER,PRIVATE/RENTAL BOAT,OCEAN (<= 3 MI),4232,88.3,12689,.,5756,.,0,0%,0%,0%
FINAL,2016,MAY/JUNE,RUBY SNAPPER,PRIVATE/RENTAL BOAT,OCEAN (> 3 MI),875,99.8,0,.,0,.,875,0%,0%,0%
FINAL,2016,JULY/AUGUST,RUBY SNAPPER,PRIVATE/RENTAL BOAT,OCEAN (<= 3 MI),491,73.8,0,.,0,.,491,0%,0%,0%
FINAL,2016,JULY/AUGUST,RUBY SNAPPER,PRIVATE/RENTAL BOAT,OCEAN (> 3 MI),546,100.1,0,.,0,.,546,0%,0%,0%
FINAL,2016,SEPTEMBER/OCTOBER,RUBY SNAPPER,PRIVATE/RENTAL BOAT,OCEAN (<= 3 MI),115,100.1,0,.,0,.,115,0%,0%,0%
FINAL,2016,SEPTEMBER/OCTOBER,RUBY SNAPPER,PRIVATE/RENTAL BOAT,OCEAN (> 3 MI),365,64.8,0,.,0,.,365,0%,0%,0%
FINAL,2017,JANUARY/FEBRUARY,RUBY SNAPPER,PRIVATE/RENTAL BOAT,OCEAN (<= 3 MI),769,98.5,0,.,0,.,769,0%,0%,0%
FINAL,2017,JANUARY/FEBRUARY,RUBY SNAPPER,PRIVATE/RENTAL BOAT,OCEAN (> 3 MI),1480,87.4,6264,.,2841,.,0,0%,0%,0%
FINAL,2017,MARCH/APRIL,RUBY SNAPPER,PRIVATE/RENTAL BOAT,OCEAN (<= 3 MI),127,100,0,.,0,.,127,0%,0%,0%
FINAL,2017,MARCH/APRIL,RUBY SNAPPER,PRIVATE/RENTAL BOAT,OCEAN (> 3 MI),265,100,0,.,0,.,265,0%,0%,0%
FINAL,2017,JULY/AUGUST,RUBY SNAPPER,PRIVATE/RENTAL BOAT,OCEAN (> 3 MI),126,100,0,.,0,.,126,0%,0%,0%
FINAL,2017,SEPTEMBER/OCTOBER,RUBY SNAPPER,PRIVATE/RENTAL BOAT,OCEAN (<= 3 MI),506,100,0,.,0,.,506,0%,0%,0%
FINAL,2017,NOVEMBER/DECEMBER,RUBY SNAPPER,PRIVATE/RENTAL BOAT,OCEAN (<= 3 MI),595,100,0,.,0,.,595,0%,0%,0%
FINAL,2018,JANUARY/FEBRUARY,RUBY SNAPPER,PRIVATE/RENTAL BOAT,OCEAN (<= 3 MI),2557,99.2,0,.,0,.,2557,0%,0%,0%
FINAL,2018,SEPTEMBER/OCTOBER,RUBY SNAPPER,PRIVATE/RENTAL BOAT,OCEAN (> 3 MI),381,100.1,858,.,389,.,0,0%,0%,0%
FINAL,2018,NOVEMBER/DECEMBER,RUBY SNAPPER,PRIVATE/RENTAL BOAT,OCEAN (<= 3 MI),3091,82.9,9607,.,4358,.,0,0%,0%,0%
FINAL,2018,NOVEMBER/DECEMBER,RUBY SNAPPER,PRIVATE/RENTAL BOAT,OCEAN (> 3 MI),4891,98.4,0,.,0,.,4891,0%,0%,0%
FINAL,2019,JANUARY/FEBRUARY,RUBY SNAPPER,PRIVATE/RENTAL BOAT,OCEAN (<= 3 MI),11444,82,16904,.,7668,.,0,0%,0%,0%
FINAL,2019,MARCH/APRIL,RUBY SNAPPER,PRIVATE/RENTAL BOAT,OCEAN (<= 3 MI),1617,100.1,0,.,0,.,1617,0%,0%,0%
FINAL,2019,MAY/JUNE,RUBY SNAPPER,PRIVATE/RENTAL BOAT,OCEAN (> 3 MI),1720,99.8,0,.,0,.,1720,0%,0%,0%
FINAL,2019,SEPTEMBER/OCTOBER,RUBY SNAPPER,PRIVATE/RENTAL BOAT,OCEAN (<= 3 MI),7023,72.7,0,.,0,.,7023,0%,0%,0%
FINAL,2019,NOVEMBER/DECEMBER,RUBY SNAPPER,PRIVATE/RENTAL BOAT,OCEAN (<= 3 MI),6725,66,11755,66.5,5332,66.5,0,0%,0%,0%
FINAL,2019,NOVEMBER/DECEMBER,RUBY SNAPPER,PRIVATE/RENTAL BOAT,OCEAN (> 3 MI),1513,99.3,2645,99.4,1200,99.4,0,0%,0%,0%
FINAL,2020,MARCH/APRIL,RUBY SNAPPER,PRIVATE/RENTAL BOAT,OCEAN (<= 3 MI),623,100.1,0,.,0,.,623,100%,0%,0%
FINAL,2020,MAY/JUNE,RUBY SNAPPER,PRIVATE/RENTAL BOAT,OCEAN (> 3 MI),1501,99.8,0,.,0,.,1501,100%,0%,0%
FINAL,2020,JULY/AUGUST,RUBY SNAPPER,PRIVATE/RENTAL BOAT,OCEAN (> 3 MI),515,100.1,941,.,427,.,0,0%,0%,0%
FINAL,2020,SEPTEMBER/OCTOBER,RUBY SNAPPER,PRIVATE/RENTAL BOAT,OCEAN (<= 3 MI),751,100.3,1905,100.3,864,100.3,0,0%,0%,0%
FINAL,2020,SEPTEMBER/OCTOBER,RUBY SNAPPER,PRIVATE/RENTAL BOAT,OCEAN (> 3 MI),831,100.1,2106,100.1,955,100.1,0,0%,0%,0%
FINAL,2020,NOVEMBER/DECEMBER,RUBY SNAPPER,PRIVATE/RENTAL BOAT,OCEAN (<= 3 MI),8681,100,0,.,0,.,8681,0%,0%,0%
FINAL,2021,JANUARY/FEBRUARY,RUBY SNAPPER,PRIVATE/RENTAL BOAT,OCEAN (<= 3 MI),774,74.5,631,74.7,286,74.7,0,0%,0%,0%
FINAL,2021,MARCH/APRIL,RUBY SNAPPER,PRIVATE/RENTAL BOAT,OCEAN (> 3 MI),545,98.9,0,.,0,.,545,0%,0%,0%
FINAL,2021,JULY/AUGUST,RUBY SNAPPER,PRIVATE/RENTAL BOAT,OCEAN (<= 3 MI),1370,75.8,0,.,0,.,1370,0%,0%,0%
FINAL,2021,NOVEMBER/DECEMBER,RUBY SNAPPER,PRIVATE/RENTAL BOAT,OCEAN (<= 3 MI),6341,61.4,3914,.,1775,.,0,0%,0%,0%
FINAL,2021,NOVEMBER/DECEMBER,RUBY SNAPPER,PRIVATE/RENTAL BOAT,OCEAN (> 3 MI),3301,100.1,0,.,0,.,3301,0%,0%,0%
PRELIMINARY,2022,JANUARY/FEBRUARY,RUBY SNAPPER,PRIVATE/RENTAL BOAT,OCEAN (<= 3 MI),3317,82.9,0,.,0,.,3317,0%,0%,0%
PRELIMINARY,2022,JANUARY/FEBRUARY,RUBY SNAPPER,PRIVATE/RENTAL BOAT,OCEAN (> 3 MI),4098,70.7,9125,.,4139,.,0,0%,0%,0%